The system is: Linux - 4.18.0-513.24.1.1toss.t4.x86_64 - x86_64
Compiling the C compiler identification source file "CMakeCCompilerId.c" succeeded.
Compiler: /opt/rocm-6.1.1/bin/hipcc 
Build flags: 
Id flags:  

The output was:
0


Compilation of the C compiler identification source "CMakeCCompilerId.c" produced "a.out"

The C compiler identification is Clang, found in "/g/g0/holger/workspace/magma/build_hip/CMakeFiles/3.24.2/CompilerIdC/a.out"

Compiling the CXX compiler identification source file "CMakeCXXCompilerId.cpp" succeeded.
Compiler: /opt/rocm-6.1.1/bin/hipcc 
Build flags: 
Id flags:  

The output was:
0


Compilation of the CXX compiler identification source "CMakeCXXCompilerId.cpp" produced "a.out"

The CXX compiler identification is Clang, found in "/g/g0/holger/workspace/magma/build_hip/CMakeFiles/3.24.2/CompilerIdCXX/a.out"

Detecting C compiler ABI info compiled with the following output:
Change Dir: /g/g0/holger/workspace/magma/build_hip/CMakeFiles/CMakeTmp

Run Build Command(s):/usr/bin/gmake -f Makefile cmTC_9f6fd/fast && /usr/bin/gmake  -f CMakeFiles/cmTC_9f6fd.dir/build.make CMakeFiles/cmTC_9f6fd.dir/build
gmake[1]: Entering directory '/usr/WS2/holger/magma/build_hip/CMakeFiles/CMakeTmp'
Building C object CMakeFiles/cmTC_9f6fd.dir/CMakeCCompilerABI.c.o
/opt/rocm-6.1.1/bin/hipcc   -v -MD -MT CMakeFiles/cmTC_9f6fd.dir/CMakeCCompilerABI.c.o -MF CMakeFiles/cmTC_9f6fd.dir/CMakeCCompilerABI.c.o.d -o CMakeFiles/cmTC_9f6fd.dir/CMakeCCompilerABI.c.o -c /usr/tce/backend/installations/linux-rhel8-x86_64/gcc-8.3.1/cmake-3.24.2-ywx52e32uh6gkxzuyubpwkulzgdvxyh6/share/cmake-3.24/Modules/CMakeCCompilerABI.c
AMD clang version 17.0.0 (https://github.com/RadeonOpenCompute/llvm-project roc-6.1.1 24154 f53cd7e03908085f4932f7329464cd446426436a)
Target: x86_64-unknown-linux-gnu
Thread model: posix
InstalledDir: /opt/rocm-6.1.1/llvm/bin
Configuration file: /opt/rocm-6.1.1/lib/llvm/bin/clang.cfg
Found candidate GCC installation: /opt/rh/gcc-toolset-12/root/usr/lib/gcc/x86_64-redhat-linux/12
Selected GCC installation: /opt/rh/gcc-toolset-12/root/usr/lib/gcc/x86_64-redhat-linux/12
Candidate multilib: .;@m64
Candidate multilib: 32;@m32
Selected multilib: .;@m64
Found HIP installation: /opt/rocm-6.1.1/lib/llvm/bin/../../.., version 6.1.40092
 (in-process)
 "/opt/rocm-6.1.1/lib/llvm/bin/clang-17" -cc1 -triple x86_64-unknown-linux-gnu -emit-obj -disable-free -clear-ast-before-backend -disable-llvm-verifier -discard-value-names -main-file-name CMakeCCompilerABI.c -mrelocation-model static -mframe-pointer=none -fmath-errno -ffp-contract=on -fno-rounding-math -mconstructor-aliases -funwind-tables=2 -target-cpu x86-64 -tune-cpu generic -debugger-tuning=gdb -v -fcoverage-compilation-dir=/usr/WS2/holger/magma/build_hip/CMakeFiles/CMakeTmp -resource-dir /opt/rocm-6.1.1/lib/llvm/lib/clang/17 -dependency-file CMakeFiles/cmTC_9f6fd.dir/CMakeCCompilerABI.c.o.d -MT CMakeFiles/cmTC_9f6fd.dir/CMakeCCompilerABI.c.o -sys-header-deps -canonical-system-headers -isystem /opt/rocm-6.1.1/include -I/usr/tce/packages/python/python-3.9.12/include/python3.9 -internal-isystem /opt/rocm-6.1.1/lib/llvm/lib/clang/17/include -internal-isystem /usr/local/include -internal-isystem /opt/rh/gcc-toolset-12/root/usr/lib/gcc/x86_64-redhat-linux/12/../../../../x86_64-redhat-linux/include -internal-externc-isystem /include -internal-externc-isystem /usr/include -O3 -fdebug-compilation-dir=/usr/WS2/holger/magma/build_hip/CMakeFiles/CMakeTmp -ferror-limit 19 -fgnuc-version=4.2.1 -vectorize-loops -vectorize-slp -faddrsig -D__GCC_HAVE_DWARF2_CFI_ASM=1 -o CMakeFiles/cmTC_9f6fd.dir/CMakeCCompilerABI.c.o -x c /usr/tce/backend/installations/linux-rhel8-x86_64/gcc-8.3.1/cmake-3.24.2-ywx52e32uh6gkxzuyubpwkulzgdvxyh6/share/cmake-3.24/Modules/CMakeCCompilerABI.c
clang -cc1 version 17.0.0 based upon LLVM 17.0.0git default target x86_64-unknown-linux-gnu
ignoring nonexistent directory "/opt/rh/gcc-toolset-12/root/usr/lib/gcc/x86_64-redhat-linux/12/../../../../x86_64-redhat-linux/include"
ignoring nonexistent directory "/include"
#include "..." search starts here:
#include <...> search starts here:
 /usr/tce/packages/python/python-3.9.12/include/python3.9
 /opt/rocm-6.1.1/include
 /opt/rocm-6.1.1/lib/llvm/lib/clang/17/include
 /usr/local/include
 /usr/include
End of search list.
Linking C executable cmTC_9f6fd
/usr/tce/backend/installations/linux-rhel8-x86_64/gcc-8.3.1/cmake-3.24.2-ywx52e32uh6gkxzuyubpwkulzgdvxyh6/bin/cmake -E cmake_link_script CMakeFiles/cmTC_9f6fd.dir/link.txt --verbose=1
/opt/rocm-6.1.1/bin/hipcc  -v CMakeFiles/cmTC_9f6fd.dir/CMakeCCompilerABI.c.o -o cmTC_9f6fd 
AMD clang version 17.0.0 (https://github.com/RadeonOpenCompute/llvm-project roc-6.1.1 24154 f53cd7e03908085f4932f7329464cd446426436a)
Target: x86_64-unknown-linux-gnu
Thread model: posix
InstalledDir: /opt/rocm-6.1.1/llvm/bin
Configuration file: /opt/rocm-6.1.1/lib/llvm/bin/clang++.cfg
Found candidate GCC installation: /opt/rh/gcc-toolset-12/root/usr/lib/gcc/x86_64-redhat-linux/12
Selected GCC installation: /opt/rh/gcc-toolset-12/root/usr/lib/gcc/x86_64-redhat-linux/12
Candidate multilib: .;@m64
Candidate multilib: 32;@m32
Selected multilib: .;@m64
Found HIP installation: /opt/rocm-6.1.1/lib/llvm/bin/../../.., version 6.1.40092
 "/opt/rocm-6.1.1/llvm/bin/ld.lld" --hash-style=gnu --eh-frame-hdr -m elf_x86_64 -dynamic-linker /lib64/ld-linux-x86-64.so.2 -o cmTC_9f6fd /lib/../lib64/crt1.o /lib/../lib64/crti.o /opt/rocm-6.1.1/lib/llvm/lib/clang/17/lib/linux/clang_rt.crtbegin-x86_64.o -L/opt/rh/gcc-toolset-12/root/usr/lib/gcc/x86_64-redhat-linux/12 -L/opt/rh/gcc-toolset-12/root/usr/lib/gcc/x86_64-redhat-linux/12/../../../../lib64 -L/lib/../lib64 -L/usr/lib/../lib64 -L/lib -L/usr/lib --disable-new-dtags CMakeFiles/cmTC_9f6fd.dir/CMakeCCompilerABI.c.o -L/opt/rocm-6.1.1/lib/llvm/bin/../../../lib -rpath /opt/rocm-6.1.1/lib/llvm/bin/../../../lib -lamdhip64 -lstdc++ -lm /opt/rocm-6.1.1/lib/llvm/lib/clang/17/lib/linux/libclang_rt.builtins-x86_64.a -lgcc_s -lc /opt/rocm-6.1.1/lib/llvm/lib/clang/17/lib/linux/libclang_rt.builtins-x86_64.a -lgcc_s /opt/rocm-6.1.1/lib/llvm/lib/clang/17/lib/linux/clang_rt.crtend-x86_64.o /lib/../lib64/crtn.o
gmake[1]: Leaving directory '/usr/WS2/holger/magma/build_hip/CMakeFiles/CMakeTmp'



Parsed C implicit include dir info from above output: rv=done
  found start of include info
  found start of implicit include info
    add: [/usr/tce/packages/python/python-3.9.12/include/python3.9]
    add: [/opt/rocm-6.1.1/include]
    add: [/opt/rocm-6.1.1/lib/llvm/lib/clang/17/include]
    add: [/usr/local/include]
    add: [/usr/include]
  end of search list found
  collapse include dir [/usr/tce/packages/python/python-3.9.12/include/python3.9] ==> [/usr/tce/packages/python/python-3.9.12/include/python3.9]
  collapse include dir [/opt/rocm-6.1.1/include] ==> [/opt/rocm-6.1.1/include]
  collapse include dir [/opt/rocm-6.1.1/lib/llvm/lib/clang/17/include] ==> [/opt/rocm-6.1.1/lib/llvm/lib/clang/17/include]
  collapse include dir [/usr/local/include] ==> [/usr/local/include]
  collapse include dir [/usr/include] ==> [/usr/include]
  implicit include dirs: [/usr/tce/packages/python/python-3.9.12/include/python3.9;/opt/rocm-6.1.1/include;/opt/rocm-6.1.1/lib/llvm/lib/clang/17/include;/usr/local/include;/usr/include]


Parsed C implicit link information from above output:
  link line regex: [^( *|.*[/\])(ld\.lld|CMAKE_LINK_STARTFILE-NOTFOUND|([^/\]+-)?ld|collect2)[^/\]*( |$)]
  ignore line: [Change Dir: /g/g0/holger/workspace/magma/build_hip/CMakeFiles/CMakeTmp]
  ignore line: []
  ignore line: [Run Build Command(s):/usr/bin/gmake -f Makefile cmTC_9f6fd/fast && /usr/bin/gmake  -f CMakeFiles/cmTC_9f6fd.dir/build.make CMakeFiles/cmTC_9f6fd.dir/build]
  ignore line: [gmake[1]: Entering directory '/usr/WS2/holger/magma/build_hip/CMakeFiles/CMakeTmp']
  ignore line: [Building C object CMakeFiles/cmTC_9f6fd.dir/CMakeCCompilerABI.c.o]
  ignore line: [/opt/rocm-6.1.1/bin/hipcc   -v -MD -MT CMakeFiles/cmTC_9f6fd.dir/CMakeCCompilerABI.c.o -MF CMakeFiles/cmTC_9f6fd.dir/CMakeCCompilerABI.c.o.d -o CMakeFiles/cmTC_9f6fd.dir/CMakeCCompilerABI.c.o -c /usr/tce/backend/installations/linux-rhel8-x86_64/gcc-8.3.1/cmake-3.24.2-ywx52e32uh6gkxzuyubpwkulzgdvxyh6/share/cmake-3.24/Modules/CMakeCCompilerABI.c]
  ignore line: [AMD clang version 17.0.0 (https://github.com/RadeonOpenCompute/llvm-project roc-6.1.1 24154 f53cd7e03908085f4932f7329464cd446426436a)]
  ignore line: [Target: x86_64-unknown-linux-gnu]
  ignore line: [Thread model: posix]
  ignore line: [InstalledDir: /opt/rocm-6.1.1/llvm/bin]
  ignore line: [Configuration file: /opt/rocm-6.1.1/lib/llvm/bin/clang.cfg]
  ignore line: [Found candidate GCC installation: /opt/rh/gcc-toolset-12/root/usr/lib/gcc/x86_64-redhat-linux/12]
  ignore line: [Selected GCC installation: /opt/rh/gcc-toolset-12/root/usr/lib/gcc/x86_64-redhat-linux/12]
  ignore line: [Candidate multilib: .]
  ignore line: [@m64]
  ignore line: [Candidate multilib: 32]
  ignore line: [@m32]
  ignore line: [Selected multilib: .]
  ignore line: [@m64]
  ignore line: [Found HIP installation: /opt/rocm-6.1.1/lib/llvm/bin/../../..  version 6.1.40092]
  ignore line: [ (in-process)]
  ignore line: [ "/opt/rocm-6.1.1/lib/llvm/bin/clang-17" -cc1 -triple x86_64-unknown-linux-gnu -emit-obj -disable-free -clear-ast-before-backend -disable-llvm-verifier -discard-value-names -main-file-name CMakeCCompilerABI.c -mrelocation-model static -mframe-pointer=none -fmath-errno -ffp-contract=on -fno-rounding-math -mconstructor-aliases -funwind-tables=2 -target-cpu x86-64 -tune-cpu generic -debugger-tuning=gdb -v -fcoverage-compilation-dir=/usr/WS2/holger/magma/build_hip/CMakeFiles/CMakeTmp -resource-dir /opt/rocm-6.1.1/lib/llvm/lib/clang/17 -dependency-file CMakeFiles/cmTC_9f6fd.dir/CMakeCCompilerABI.c.o.d -MT CMakeFiles/cmTC_9f6fd.dir/CMakeCCompilerABI.c.o -sys-header-deps -canonical-system-headers -isystem /opt/rocm-6.1.1/include -I/usr/tce/packages/python/python-3.9.12/include/python3.9 -internal-isystem /opt/rocm-6.1.1/lib/llvm/lib/clang/17/include -internal-isystem /usr/local/include -internal-isystem /opt/rh/gcc-toolset-12/root/usr/lib/gcc/x86_64-redhat-linux/12/../../../../x86_64-redhat-linux/include -internal-externc-isystem /include -internal-externc-isystem /usr/include -O3 -fdebug-compilation-dir=/usr/WS2/holger/magma/build_hip/CMakeFiles/CMakeTmp -ferror-limit 19 -fgnuc-version=4.2.1 -vectorize-loops -vectorize-slp -faddrsig -D__GCC_HAVE_DWARF2_CFI_ASM=1 -o CMakeFiles/cmTC_9f6fd.dir/CMakeCCompilerABI.c.o -x c /usr/tce/backend/installations/linux-rhel8-x86_64/gcc-8.3.1/cmake-3.24.2-ywx52e32uh6gkxzuyubpwkulzgdvxyh6/share/cmake-3.24/Modules/CMakeCCompilerABI.c]
  ignore line: [clang -cc1 version 17.0.0 based upon LLVM 17.0.0git default target x86_64-unknown-linux-gnu]
  ignore line: [ignoring nonexistent directory "/opt/rh/gcc-toolset-12/root/usr/lib/gcc/x86_64-redhat-linux/12/../../../../x86_64-redhat-linux/include"]
  ignore line: [ignoring nonexistent directory "/include"]
  ignore line: [#include "..." search starts here:]
  ignore line: [#include <...> search starts here:]
  ignore line: [ /usr/tce/packages/python/python-3.9.12/include/python3.9]
  ignore line: [ /opt/rocm-6.1.1/include]
  ignore line: [ /opt/rocm-6.1.1/lib/llvm/lib/clang/17/include]
  ignore line: [ /usr/local/include]
  ignore line: [ /usr/include]
  ignore line: [End of search list.]
  ignore line: [Linking C executable cmTC_9f6fd]
  ignore line: [/usr/tce/backend/installations/linux-rhel8-x86_64/gcc-8.3.1/cmake-3.24.2-ywx52e32uh6gkxzuyubpwkulzgdvxyh6/bin/cmake -E cmake_link_script CMakeFiles/cmTC_9f6fd.dir/link.txt --verbose=1]
  ignore line: [/opt/rocm-6.1.1/bin/hipcc  -v CMakeFiles/cmTC_9f6fd.dir/CMakeCCompilerABI.c.o -o cmTC_9f6fd ]
  ignore line: [AMD clang version 17.0.0 (https://github.com/RadeonOpenCompute/llvm-project roc-6.1.1 24154 f53cd7e03908085f4932f7329464cd446426436a)]
  ignore line: [Target: x86_64-unknown-linux-gnu]
  ignore line: [Thread model: posix]
  ignore line: [InstalledDir: /opt/rocm-6.1.1/llvm/bin]
  ignore line: [Configuration file: /opt/rocm-6.1.1/lib/llvm/bin/clang++.cfg]
  ignore line: [Found candidate GCC installation: /opt/rh/gcc-toolset-12/root/usr/lib/gcc/x86_64-redhat-linux/12]
  ignore line: [Selected GCC installation: /opt/rh/gcc-toolset-12/root/usr/lib/gcc/x86_64-redhat-linux/12]
  ignore line: [Candidate multilib: .]
  ignore line: [@m64]
  ignore line: [Candidate multilib: 32]
  ignore line: [@m32]
  ignore line: [Selected multilib: .]
  ignore line: [@m64]
  ignore line: [Found HIP installation: /opt/rocm-6.1.1/lib/llvm/bin/../../..  version 6.1.40092]
  link line: [ "/opt/rocm-6.1.1/llvm/bin/ld.lld" --hash-style=gnu --eh-frame-hdr -m elf_x86_64 -dynamic-linker /lib64/ld-linux-x86-64.so.2 -o cmTC_9f6fd /lib/../lib64/crt1.o /lib/../lib64/crti.o /opt/rocm-6.1.1/lib/llvm/lib/clang/17/lib/linux/clang_rt.crtbegin-x86_64.o -L/opt/rh/gcc-toolset-12/root/usr/lib/gcc/x86_64-redhat-linux/12 -L/opt/rh/gcc-toolset-12/root/usr/lib/gcc/x86_64-redhat-linux/12/../../../../lib64 -L/lib/../lib64 -L/usr/lib/../lib64 -L/lib -L/usr/lib --disable-new-dtags CMakeFiles/cmTC_9f6fd.dir/CMakeCCompilerABI.c.o -L/opt/rocm-6.1.1/lib/llvm/bin/../../../lib -rpath /opt/rocm-6.1.1/lib/llvm/bin/../../../lib -lamdhip64 -lstdc++ -lm /opt/rocm-6.1.1/lib/llvm/lib/clang/17/lib/linux/libclang_rt.builtins-x86_64.a -lgcc_s -lc /opt/rocm-6.1.1/lib/llvm/lib/clang/17/lib/linux/libclang_rt.builtins-x86_64.a -lgcc_s /opt/rocm-6.1.1/lib/llvm/lib/clang/17/lib/linux/clang_rt.crtend-x86_64.o /lib/../lib64/crtn.o]
    arg [/opt/rocm-6.1.1/llvm/bin/ld.lld] ==> ignore
    arg [--hash-style=gnu] ==> ignore
    arg [--eh-frame-hdr] ==> ignore
    arg [-m] ==> ignore
    arg [elf_x86_64] ==> ignore
    arg [-dynamic-linker] ==> ignore
    arg [/lib64/ld-linux-x86-64.so.2] ==> ignore
    arg [-o] ==> ignore
    arg [cmTC_9f6fd] ==> ignore
    arg [/lib/../lib64/crt1.o] ==> obj [/lib/../lib64/crt1.o]
    arg [/lib/../lib64/crti.o] ==> obj [/lib/../lib64/crti.o]
    arg [/opt/rocm-6.1.1/lib/llvm/lib/clang/17/lib/linux/clang_rt.crtbegin-x86_64.o] ==> obj [/opt/rocm-6.1.1/lib/llvm/lib/clang/17/lib/linux/clang_rt.crtbegin-x86_64.o]
    arg [-L/opt/rh/gcc-toolset-12/root/usr/lib/gcc/x86_64-redhat-linux/12] ==> dir [/opt/rh/gcc-toolset-12/root/usr/lib/gcc/x86_64-redhat-linux/12]
    arg [-L/opt/rh/gcc-toolset-12/root/usr/lib/gcc/x86_64-redhat-linux/12/../../../../lib64] ==> dir [/opt/rh/gcc-toolset-12/root/usr/lib/gcc/x86_64-redhat-linux/12/../../../../lib64]
    arg [-L/lib/../lib64] ==> dir [/lib/../lib64]
    arg [-L/usr/lib/../lib64] ==> dir [/usr/lib/../lib64]
    arg [-L/lib] ==> dir [/lib]
    arg [-L/usr/lib] ==> dir [/usr/lib]
    arg [--disable-new-dtags] ==> ignore
    arg [CMakeFiles/cmTC_9f6fd.dir/CMakeCCompilerABI.c.o] ==> ignore
    arg [-L/opt/rocm-6.1.1/lib/llvm/bin/../../../lib] ==> dir [/opt/rocm-6.1.1/lib/llvm/bin/../../../lib]
    arg [-rpath] ==> ignore
    arg [/opt/rocm-6.1.1/lib/llvm/bin/../../../lib] ==> ignore
    arg [-lamdhip64] ==> lib [amdhip64]
    arg [-lstdc++] ==> lib [stdc++]
    arg [-lm] ==> lib [m]
    arg [/opt/rocm-6.1.1/lib/llvm/lib/clang/17/lib/linux/libclang_rt.builtins-x86_64.a] ==> lib [/opt/rocm-6.1.1/lib/llvm/lib/clang/17/lib/linux/libclang_rt.builtins-x86_64.a]
    arg [-lgcc_s] ==> lib [gcc_s]
    arg [-lc] ==> lib [c]
    arg [/opt/rocm-6.1.1/lib/llvm/lib/clang/17/lib/linux/libclang_rt.builtins-x86_64.a] ==> lib [/opt/rocm-6.1.1/lib/llvm/lib/clang/17/lib/linux/libclang_rt.builtins-x86_64.a]
    arg [-lgcc_s] ==> lib [gcc_s]
    arg [/opt/rocm-6.1.1/lib/llvm/lib/clang/17/lib/linux/clang_rt.crtend-x86_64.o] ==> obj [/opt/rocm-6.1.1/lib/llvm/lib/clang/17/lib/linux/clang_rt.crtend-x86_64.o]
    arg [/lib/../lib64/crtn.o] ==> obj [/lib/../lib64/crtn.o]
  remove lib [/opt/rocm-6.1.1/lib/llvm/lib/clang/17/lib/linux/libclang_rt.builtins-x86_64.a]
  remove lib [/opt/rocm-6.1.1/lib/llvm/lib/clang/17/lib/linux/libclang_rt.builtins-x86_64.a]
  collapse obj [/lib/../lib64/crt1.o] ==> [/lib64/crt1.o]
  collapse obj [/lib/../lib64/crti.o] ==> [/lib64/crti.o]
  collapse obj [/lib/../lib64/crtn.o] ==> [/lib64/crtn.o]
  collapse library dir [/opt/rh/gcc-toolset-12/root/usr/lib/gcc/x86_64-redhat-linux/12] ==> [/opt/rh/gcc-toolset-12/root/usr/lib/gcc/x86_64-redhat-linux/12]
  collapse library dir [/opt/rh/gcc-toolset-12/root/usr/lib/gcc/x86_64-redhat-linux/12/../../../../lib64] ==> [/opt/rh/gcc-toolset-12/root/usr/lib64]
  collapse library dir [/lib/../lib64] ==> [/lib64]
  collapse library dir [/usr/lib/../lib64] ==> [/usr/lib64]
  collapse library dir [/lib] ==> [/lib]
  collapse library dir [/usr/lib] ==> [/usr/lib]
  collapse library dir [/opt/rocm-6.1.1/lib/llvm/bin/../../../lib] ==> [/opt/rocm-6.1.1/lib]
  implicit libs: [amdhip64;stdc++;m;gcc_s;c;gcc_s]
  implicit objs: [/lib64/crt1.o;/lib64/crti.o;/opt/rocm-6.1.1/lib/llvm/lib/clang/17/lib/linux/clang_rt.crtbegin-x86_64.o;/opt/rocm-6.1.1/lib/llvm/lib/clang/17/lib/linux/clang_rt.crtend-x86_64.o;/lib64/crtn.o]
  implicit dirs: [/opt/rh/gcc-toolset-12/root/usr/lib/gcc/x86_64-redhat-linux/12;/opt/rh/gcc-toolset-12/root/usr/lib64;/lib64;/usr/lib64;/lib;/usr/lib;/opt/rocm-6.1.1/lib]
  implicit fwks: []


Detecting CXX compiler ABI info compiled with the following output:
Change Dir: /g/g0/holger/workspace/magma/build_hip/CMakeFiles/CMakeTmp

Run Build Command(s):/usr/bin/gmake -f Makefile cmTC_67364/fast && /usr/bin/gmake  -f CMakeFiles/cmTC_67364.dir/build.make CMakeFiles/cmTC_67364.dir/build
gmake[1]: Entering directory '/usr/WS2/holger/magma/build_hip/CMakeFiles/CMakeTmp'
Building CXX object CMakeFiles/cmTC_67364.dir/CMakeCXXCompilerABI.cpp.o
/opt/rocm-6.1.1/bin/hipcc   -v -MD -MT CMakeFiles/cmTC_67364.dir/CMakeCXXCompilerABI.cpp.o -MF CMakeFiles/cmTC_67364.dir/CMakeCXXCompilerABI.cpp.o.d -o CMakeFiles/cmTC_67364.dir/CMakeCXXCompilerABI.cpp.o -c /usr/tce/backend/installations/linux-rhel8-x86_64/gcc-8.3.1/cmake-3.24.2-ywx52e32uh6gkxzuyubpwkulzgdvxyh6/share/cmake-3.24/Modules/CMakeCXXCompilerABI.cpp
AMD clang version 17.0.0 (https://github.com/RadeonOpenCompute/llvm-project roc-6.1.1 24154 f53cd7e03908085f4932f7329464cd446426436a)
Target: x86_64-unknown-linux-gnu
Thread model: posix
InstalledDir: /opt/rocm-6.1.1/llvm/bin
Configuration file: /opt/rocm-6.1.1/lib/llvm/bin/clang.cfg
Found candidate GCC installation: /opt/rh/gcc-toolset-12/root/usr/lib/gcc/x86_64-redhat-linux/12
Selected GCC installation: /opt/rh/gcc-toolset-12/root/usr/lib/gcc/x86_64-redhat-linux/12
Candidate multilib: .;@m64
Candidate multilib: 32;@m32
Selected multilib: .;@m64
Found HIP installation: /opt/rocm-6.1.1/lib/llvm/bin/../../.., version 6.1.40092
 "/opt/rocm-6.1.1/lib/llvm/bin/clang-17" -cc1 -triple amdgcn-amd-amdhsa -aux-triple x86_64-unknown-linux-gnu -emit-obj -disable-free -clear-ast-before-backend -disable-llvm-verifier -discard-value-names -main-file-name CMakeCXXCompilerABI.cpp -mrelocation-model pic -pic-level 2 -fhalf-no-semantic-interposition -mframe-pointer=none -fno-rounding-math -mconstructor-aliases -aux-target-cpu x86-64 -fcuda-is-device -mllvm -amdgpu-internalize-symbols -fcuda-allow-variadic-functions -fvisibility=hidden -fapply-global-visibility-to-externs -mlink-builtin-bitcode /opt/rocm-6.1.1/lib/llvm/lib/clang/17/lib/amdgcn/bitcode/hip.bc -mlink-builtin-bitcode /opt/rocm-6.1.1/lib/llvm/lib/clang/17/lib/amdgcn/bitcode/ocml.bc -mlink-builtin-bitcode /opt/rocm-6.1.1/lib/llvm/lib/clang/17/lib/amdgcn/bitcode/ockl.bc -mlink-builtin-bitcode /opt/rocm-6.1.1/lib/llvm/lib/clang/17/lib/amdgcn/bitcode/oclc_daz_opt_off.bc -mlink-builtin-bitcode /opt/rocm-6.1.1/lib/llvm/lib/clang/17/lib/amdgcn/bitcode/oclc_unsafe_math_off.bc -mlink-builtin-bitcode /opt/rocm-6.1.1/lib/llvm/lib/clang/17/lib/amdgcn/bitcode/oclc_finite_only_off.bc -mlink-builtin-bitcode /opt/rocm-6.1.1/lib/llvm/lib/clang/17/lib/amdgcn/bitcode/oclc_correctly_rounded_sqrt_on.bc -mlink-builtin-bitcode /opt/rocm-6.1.1/lib/llvm/lib/clang/17/lib/amdgcn/bitcode/oclc_wavefrontsize64_on.bc -mlink-builtin-bitcode /opt/rocm-6.1.1/lib/llvm/lib/clang/17/lib/amdgcn/bitcode/oclc_isa_version_90a.bc -mlink-builtin-bitcode /opt/rocm-6.1.1/lib/llvm/lib/clang/17/lib/amdgcn/bitcode/oclc_abi_version_500.bc -target-cpu gfx90a -debugger-tuning=gdb -v -resource-dir /opt/rocm-6.1.1/lib/llvm/lib/clang/17 -dependency-file CMakeFiles/cmTC_67364.dir/CMakeCXXCompilerABI.cpp.o.d -MT CMakeFiles/cmTC_67364.dir/CMakeCXXCompilerABI.cpp.o -sys-header-deps -canonical-system-headers -internal-isystem /opt/rocm-6.1.1/lib/llvm/lib/clang/17/include/cuda_wrappers -idirafter /opt/rocm-6.1.1/lib/llvm/bin/../../../include -include __clang_hip_runtime_wrapper.h -isystem /opt/rocm-6.1.1/include -I/usr/tce/packages/python/python-3.9.12/include/python3.9 -internal-isystem /opt/rh/gcc-toolset-12/root/usr/lib/gcc/x86_64-redhat-linux/12/../../../../include/c++/12 -internal-isystem /opt/rh/gcc-toolset-12/root/usr/lib/gcc/x86_64-redhat-linux/12/../../../../include/c++/12/x86_64-redhat-linux -internal-isystem /opt/rh/gcc-toolset-12/root/usr/lib/gcc/x86_64-redhat-linux/12/../../../../include/c++/12/backward -internal-isystem /opt/rh/gcc-toolset-12/root/usr/lib/gcc/x86_64-redhat-linux/12/../../../../include/c++/12 -internal-isystem /opt/rh/gcc-toolset-12/root/usr/lib/gcc/x86_64-redhat-linux/12/../../../../include/c++/12/x86_64-redhat-linux -internal-isystem /opt/rh/gcc-toolset-12/root/usr/lib/gcc/x86_64-redhat-linux/12/../../../../include/c++/12/backward -internal-isystem /opt/rocm-6.1.1/lib/llvm/lib/clang/17/include -internal-isystem /usr/local/include -internal-isystem /opt/rh/gcc-toolset-12/root/usr/lib/gcc/x86_64-redhat-linux/12/../../../../x86_64-redhat-linux/include -internal-externc-isystem /include -internal-externc-isystem /usr/include -internal-isystem /opt/rocm-6.1.1/lib/llvm/lib/clang/17/include -internal-isystem /usr/local/include -internal-isystem /opt/rh/gcc-toolset-12/root/usr/lib/gcc/x86_64-redhat-linux/12/../../../../x86_64-redhat-linux/include -internal-externc-isystem /include -internal-externc-isystem /usr/include -O3 -fdeprecated-macro -fno-autolink -fdebug-compilation-dir=/usr/WS2/holger/magma/build_hip/CMakeFiles/CMakeTmp -ferror-limit 19 -fhip-new-launch-api -fgnuc-version=4.2.1 -fcxx-exceptions -fexceptions -vectorize-loops -vectorize-slp -mllvm -amdgpu-early-inline-all=true -mllvm -amdgpu-function-calls=false -cuid=9e3647654c81dab5 -fcuda-allow-variadic-functions -faddrsig -D__GCC_HAVE_DWARF2_CFI_ASM=1 -o /var/tmp/holger/CMakeCXXCompilerABI-gfx90a-af26dc.o -x hip /usr/tce/backend/installations/linux-rhel8-x86_64/gcc-8.3.1/cmake-3.24.2-ywx52e32uh6gkxzuyubpwkulzgdvxyh6/share/cmake-3.24/Modules/CMakeCXXCompilerABI.cpp
clang -cc1 version 17.0.0 based upon LLVM 17.0.0git default target x86_64-unknown-linux-gnu
ignoring nonexistent directory "/opt/rh/gcc-toolset-12/root/usr/lib/gcc/x86_64-redhat-linux/12/../../../../x86_64-redhat-linux/include"
ignoring nonexistent directory "/include"
ignoring nonexistent directory "/opt/rh/gcc-toolset-12/root/usr/lib/gcc/x86_64-redhat-linux/12/../../../../x86_64-redhat-linux/include"
ignoring nonexistent directory "/include"
ignoring duplicate directory "/opt/rh/gcc-toolset-12/root/usr/lib/gcc/x86_64-redhat-linux/12/../../../../include/c++/12"
ignoring duplicate directory "/opt/rh/gcc-toolset-12/root/usr/lib/gcc/x86_64-redhat-linux/12/../../../../include/c++/12/x86_64-redhat-linux"
ignoring duplicate directory "/opt/rh/gcc-toolset-12/root/usr/lib/gcc/x86_64-redhat-linux/12/../../../../include/c++/12/backward"
ignoring duplicate directory "/opt/rocm-6.1.1/lib/llvm/lib/clang/17/include"
ignoring duplicate directory "/usr/local/include"
ignoring duplicate directory "/usr/include"
ignoring duplicate directory "/usr/local/include"
ignoring duplicate directory "/opt/rocm-6.1.1/lib/llvm/lib/clang/17/include"
ignoring duplicate directory "/usr/include"
ignoring duplicate directory "/opt/rocm-6.1.1/lib/llvm/bin/../../../include"
#include "..." search starts here:
#include <...> search starts here:
 /usr/tce/packages/python/python-3.9.12/include/python3.9
 /opt/rocm-6.1.1/include
 /opt/rocm-6.1.1/lib/llvm/lib/clang/17/include/cuda_wrappers
 /opt/rh/gcc-toolset-12/root/usr/lib/gcc/x86_64-redhat-linux/12/../../../../include/c++/12
 /opt/rh/gcc-toolset-12/root/usr/lib/gcc/x86_64-redhat-linux/12/../../../../include/c++/12/x86_64-redhat-linux
 /opt/rh/gcc-toolset-12/root/usr/lib/gcc/x86_64-redhat-linux/12/../../../../include/c++/12/backward
 /opt/rocm-6.1.1/lib/llvm/lib/clang/17/include
 /usr/local/include
 /usr/include
End of search list.
 "/opt/rocm-6.1.1/llvm/bin/lld" -flavor gnu -m elf64_amdgpu --no-undefined -shared -plugin-opt=-amdgpu-internalize-symbols -plugin-opt=mcpu=gfx90a -plugin-opt=O3 --lto-CGO3 --whole-archive -o /var/tmp/holger/CMakeCXXCompilerABI-gfx90a-4d88dc.out /var/tmp/holger/CMakeCXXCompilerABI-gfx90a-af26dc.o --no-whole-archive
 "/opt/rocm-6.1.1/llvm/bin/clang-offload-bundler" -type=o -bundle-align=4096 -targets=host-x86_64-unknown-linux,hipv4-amdgcn-amd-amdhsa--gfx90a -input=/dev/null -input=/var/tmp/holger/CMakeCXXCompilerABI-gfx90a-4d88dc.out -output=/var/tmp/holger/CMakeCXXCompilerABI-73f0a7.hipfb
 "/opt/rocm-6.1.1/lib/llvm/bin/clang-17" -cc1 -triple x86_64-unknown-linux-gnu -aux-triple amdgcn-amd-amdhsa -emit-obj -disable-free -clear-ast-before-backend -disable-llvm-verifier -discard-value-names -main-file-name CMakeCXXCompilerABI.cpp -mrelocation-model static -mframe-pointer=none -fmath-errno -fno-rounding-math -mconstructor-aliases -funwind-tables=2 -target-cpu x86-64 -tune-cpu generic -debugger-tuning=gdb -v -fcoverage-compilation-dir=/usr/WS2/holger/magma/build_hip/CMakeFiles/CMakeTmp -resource-dir /opt/rocm-6.1.1/lib/llvm/lib/clang/17 -dependency-file CMakeFiles/cmTC_67364.dir/CMakeCXXCompilerABI.cpp.o.d -MT CMakeFiles/cmTC_67364.dir/CMakeCXXCompilerABI.cpp.o -sys-header-deps -canonical-system-headers -internal-isystem /opt/rocm-6.1.1/lib/llvm/lib/clang/17/include/cuda_wrappers -idirafter /opt/rocm-6.1.1/lib/llvm/bin/../../../include -include __clang_hip_runtime_wrapper.h -isystem /opt/rocm-6.1.1/include -I/usr/tce/packages/python/python-3.9.12/include/python3.9 -internal-isystem /opt/rh/gcc-toolset-12/root/usr/lib/gcc/x86_64-redhat-linux/12/../../../../include/c++/12 -internal-isystem /opt/rh/gcc-toolset-12/root/usr/lib/gcc/x86_64-redhat-linux/12/../../../../include/c++/12/x86_64-redhat-linux -internal-isystem /opt/rh/gcc-toolset-12/root/usr/lib/gcc/x86_64-redhat-linux/12/../../../../include/c++/12/backward -internal-isystem /opt/rh/gcc-toolset-12/root/usr/lib/gcc/x86_64-redhat-linux/12/../../../../include/c++/12 -internal-isystem /opt/rh/gcc-toolset-12/root/usr/lib/gcc/x86_64-redhat-linux/12/../../../../include/c++/12/x86_64-redhat-linux -internal-isystem /opt/rh/gcc-toolset-12/root/usr/lib/gcc/x86_64-redhat-linux/12/../../../../include/c++/12/backward -internal-isystem /opt/rocm-6.1.1/lib/llvm/lib/clang/17/include -internal-isystem /usr/local/include -internal-isystem /opt/rh/gcc-toolset-12/root/usr/lib/gcc/x86_64-redhat-linux/12/../../../../x86_64-redhat-linux/include -internal-externc-isystem /include -internal-externc-isystem /usr/include -internal-isystem /opt/rocm-6.1.1/lib/llvm/lib/clang/17/include -internal-isystem /usr/local/include -internal-isystem /opt/rh/gcc-toolset-12/root/usr/lib/gcc/x86_64-redhat-linux/12/../../../../x86_64-redhat-linux/include -internal-externc-isystem /include -internal-externc-isystem /usr/include -O3 -fdeprecated-macro -fdebug-compilation-dir=/usr/WS2/holger/magma/build_hip/CMakeFiles/CMakeTmp -ferror-limit 19 -fhip-new-launch-api -fgnuc-version=4.2.1 -fcxx-exceptions -fexceptions -vectorize-loops -vectorize-slp -mllvm -amdgpu-early-inline-all=true -mllvm -amdgpu-function-calls=false -fcuda-include-gpubinary /var/tmp/holger/CMakeCXXCompilerABI-73f0a7.hipfb -cuid=9e3647654c81dab5 -fcuda-allow-variadic-functions -faddrsig -D__GCC_HAVE_DWARF2_CFI_ASM=1 -o CMakeFiles/cmTC_67364.dir/CMakeCXXCompilerABI.cpp.o -x hip /usr/tce/backend/installations/linux-rhel8-x86_64/gcc-8.3.1/cmake-3.24.2-ywx52e32uh6gkxzuyubpwkulzgdvxyh6/share/cmake-3.24/Modules/CMakeCXXCompilerABI.cpp
clang -cc1 version 17.0.0 based upon LLVM 17.0.0git default target x86_64-unknown-linux-gnu
ignoring nonexistent directory "/opt/rh/gcc-toolset-12/root/usr/lib/gcc/x86_64-redhat-linux/12/../../../../x86_64-redhat-linux/include"
ignoring nonexistent directory "/include"
ignoring nonexistent directory "/opt/rh/gcc-toolset-12/root/usr/lib/gcc/x86_64-redhat-linux/12/../../../../x86_64-redhat-linux/include"
ignoring nonexistent directory "/include"
ignoring duplicate directory "/opt/rh/gcc-toolset-12/root/usr/lib/gcc/x86_64-redhat-linux/12/../../../../include/c++/12"
ignoring duplicate directory "/opt/rh/gcc-toolset-12/root/usr/lib/gcc/x86_64-redhat-linux/12/../../../../include/c++/12/x86_64-redhat-linux"
ignoring duplicate directory "/opt/rh/gcc-toolset-12/root/usr/lib/gcc/x86_64-redhat-linux/12/../../../../include/c++/12/backward"
ignoring duplicate directory "/opt/rocm-6.1.1/lib/llvm/lib/clang/17/include"
ignoring duplicate directory "/usr/local/include"
ignoring duplicate directory "/usr/include"
ignoring duplicate directory "/opt/rocm-6.1.1/lib/llvm/bin/../../../include"
#include "..." search starts here:
#include <...> search starts here:
 /usr/tce/packages/python/python-3.9.12/include/python3.9
 /opt/rocm-6.1.1/include
 /opt/rocm-6.1.1/lib/llvm/lib/clang/17/include/cuda_wrappers
 /opt/rh/gcc-toolset-12/root/usr/lib/gcc/x86_64-redhat-linux/12/../../../../include/c++/12
 /opt/rh/gcc-toolset-12/root/usr/lib/gcc/x86_64-redhat-linux/12/../../../../include/c++/12/x86_64-redhat-linux
 /opt/rh/gcc-toolset-12/root/usr/lib/gcc/x86_64-redhat-linux/12/../../../../include/c++/12/backward
 /opt/rocm-6.1.1/lib/llvm/lib/clang/17/include
 /usr/local/include
 /usr/include
End of search list.
Linking CXX executable cmTC_67364
/usr/tce/backend/installations/linux-rhel8-x86_64/gcc-8.3.1/cmake-3.24.2-ywx52e32uh6gkxzuyubpwkulzgdvxyh6/bin/cmake -E cmake_link_script CMakeFiles/cmTC_67364.dir/link.txt --verbose=1
/opt/rocm-6.1.1/bin/hipcc  -v CMakeFiles/cmTC_67364.dir/CMakeCXXCompilerABI.cpp.o -o cmTC_67364 
AMD clang version 17.0.0 (https://github.com/RadeonOpenCompute/llvm-project roc-6.1.1 24154 f53cd7e03908085f4932f7329464cd446426436a)
Target: x86_64-unknown-linux-gnu
Thread model: posix
InstalledDir: /opt/rocm-6.1.1/llvm/bin
Configuration file: /opt/rocm-6.1.1/lib/llvm/bin/clang++.cfg
Found candidate GCC installation: /opt/rh/gcc-toolset-12/root/usr/lib/gcc/x86_64-redhat-linux/12
Selected GCC installation: /opt/rh/gcc-toolset-12/root/usr/lib/gcc/x86_64-redhat-linux/12
Candidate multilib: .;@m64
Candidate multilib: 32;@m32
Selected multilib: .;@m64
Found HIP installation: /opt/rocm-6.1.1/lib/llvm/bin/../../.., version 6.1.40092
 "/opt/rocm-6.1.1/llvm/bin/ld.lld" --hash-style=gnu --eh-frame-hdr -m elf_x86_64 -dynamic-linker /lib64/ld-linux-x86-64.so.2 -o cmTC_67364 /lib/../lib64/crt1.o /lib/../lib64/crti.o /opt/rocm-6.1.1/lib/llvm/lib/clang/17/lib/linux/clang_rt.crtbegin-x86_64.o -L/opt/rh/gcc-toolset-12/root/usr/lib/gcc/x86_64-redhat-linux/12 -L/opt/rh/gcc-toolset-12/root/usr/lib/gcc/x86_64-redhat-linux/12/../../../../lib64 -L/lib/../lib64 -L/usr/lib/../lib64 -L/lib -L/usr/lib --disable-new-dtags CMakeFiles/cmTC_67364.dir/CMakeCXXCompilerABI.cpp.o -L/opt/rocm-6.1.1/lib/llvm/bin/../../../lib -rpath /opt/rocm-6.1.1/lib/llvm/bin/../../../lib -lamdhip64 -lstdc++ -lm /opt/rocm-6.1.1/lib/llvm/lib/clang/17/lib/linux/libclang_rt.builtins-x86_64.a -lgcc_s -lc /opt/rocm-6.1.1/lib/llvm/lib/clang/17/lib/linux/libclang_rt.builtins-x86_64.a -lgcc_s /opt/rocm-6.1.1/lib/llvm/lib/clang/17/lib/linux/clang_rt.crtend-x86_64.o /lib/../lib64/crtn.o
gmake[1]: Leaving directory '/usr/WS2/holger/magma/build_hip/CMakeFiles/CMakeTmp'



Parsed CXX implicit include dir info from above output: rv=done
  found start of include info
  found start of implicit include info
    add: [/usr/tce/packages/python/python-3.9.12/include/python3.9]
    add: [/opt/rocm-6.1.1/include]
    add: [/opt/rocm-6.1.1/lib/llvm/lib/clang/17/include/cuda_wrappers]
    add: [/opt/rh/gcc-toolset-12/root/usr/lib/gcc/x86_64-redhat-linux/12/../../../../include/c++/12]
    add: [/opt/rh/gcc-toolset-12/root/usr/lib/gcc/x86_64-redhat-linux/12/../../../../include/c++/12/x86_64-redhat-linux]
    add: [/opt/rh/gcc-toolset-12/root/usr/lib/gcc/x86_64-redhat-linux/12/../../../../include/c++/12/backward]
    add: [/opt/rocm-6.1.1/lib/llvm/lib/clang/17/include]
    add: [/usr/local/include]
    add: [/usr/include]
  end of search list found
  collapse include dir [/usr/tce/packages/python/python-3.9.12/include/python3.9] ==> [/usr/tce/packages/python/python-3.9.12/include/python3.9]
  collapse include dir [/opt/rocm-6.1.1/include] ==> [/opt/rocm-6.1.1/include]
  collapse include dir [/opt/rocm-6.1.1/lib/llvm/lib/clang/17/include/cuda_wrappers] ==> [/opt/rocm-6.1.1/lib/llvm/lib/clang/17/include/cuda_wrappers]
  collapse include dir [/opt/rh/gcc-toolset-12/root/usr/lib/gcc/x86_64-redhat-linux/12/../../../../include/c++/12] ==> [/opt/rh/gcc-toolset-12/root/usr/include/c++/12]
  collapse include dir [/opt/rh/gcc-toolset-12/root/usr/lib/gcc/x86_64-redhat-linux/12/../../../../include/c++/12/x86_64-redhat-linux] ==> [/opt/rh/gcc-toolset-12/root/usr/include/c++/12/x86_64-redhat-linux]
  collapse include dir [/opt/rh/gcc-toolset-12/root/usr/lib/gcc/x86_64-redhat-linux/12/../../../../include/c++/12/backward] ==> [/opt/rh/gcc-toolset-12/root/usr/include/c++/12/backward]
  collapse include dir [/opt/rocm-6.1.1/lib/llvm/lib/clang/17/include] ==> [/opt/rocm-6.1.1/lib/llvm/lib/clang/17/include]
  collapse include dir [/usr/local/include] ==> [/usr/local/include]
  collapse include dir [/usr/include] ==> [/usr/include]
  implicit include dirs: [/usr/tce/packages/python/python-3.9.12/include/python3.9;/opt/rocm-6.1.1/include;/opt/rocm-6.1.1/lib/llvm/lib/clang/17/include/cuda_wrappers;/opt/rh/gcc-toolset-12/root/usr/include/c++/12;/opt/rh/gcc-toolset-12/root/usr/include/c++/12/x86_64-redhat-linux;/opt/rh/gcc-toolset-12/root/usr/include/c++/12/backward;/opt/rocm-6.1.1/lib/llvm/lib/clang/17/include;/usr/local/include;/usr/include]


Parsed CXX implicit link information from above output:
  link line regex: [^( *|.*[/\])(ld\.lld|CMAKE_LINK_STARTFILE-NOTFOUND|([^/\]+-)?ld|collect2)[^/\]*( |$)]
  ignore line: [Change Dir: /g/g0/holger/workspace/magma/build_hip/CMakeFiles/CMakeTmp]
  ignore line: []
  ignore line: [Run Build Command(s):/usr/bin/gmake -f Makefile cmTC_67364/fast && /usr/bin/gmake  -f CMakeFiles/cmTC_67364.dir/build.make CMakeFiles/cmTC_67364.dir/build]
  ignore line: [gmake[1]: Entering directory '/usr/WS2/holger/magma/build_hip/CMakeFiles/CMakeTmp']
  ignore line: [Building CXX object CMakeFiles/cmTC_67364.dir/CMakeCXXCompilerABI.cpp.o]
  ignore line: [/opt/rocm-6.1.1/bin/hipcc   -v -MD -MT CMakeFiles/cmTC_67364.dir/CMakeCXXCompilerABI.cpp.o -MF CMakeFiles/cmTC_67364.dir/CMakeCXXCompilerABI.cpp.o.d -o CMakeFiles/cmTC_67364.dir/CMakeCXXCompilerABI.cpp.o -c /usr/tce/backend/installations/linux-rhel8-x86_64/gcc-8.3.1/cmake-3.24.2-ywx52e32uh6gkxzuyubpwkulzgdvxyh6/share/cmake-3.24/Modules/CMakeCXXCompilerABI.cpp]
  ignore line: [AMD clang version 17.0.0 (https://github.com/RadeonOpenCompute/llvm-project roc-6.1.1 24154 f53cd7e03908085f4932f7329464cd446426436a)]
  ignore line: [Target: x86_64-unknown-linux-gnu]
  ignore line: [Thread model: posix]
  ignore line: [InstalledDir: /opt/rocm-6.1.1/llvm/bin]
  ignore line: [Configuration file: /opt/rocm-6.1.1/lib/llvm/bin/clang.cfg]
  ignore line: [Found candidate GCC installation: /opt/rh/gcc-toolset-12/root/usr/lib/gcc/x86_64-redhat-linux/12]
  ignore line: [Selected GCC installation: /opt/rh/gcc-toolset-12/root/usr/lib/gcc/x86_64-redhat-linux/12]
  ignore line: [Candidate multilib: .]
  ignore line: [@m64]
  ignore line: [Candidate multilib: 32]
  ignore line: [@m32]
  ignore line: [Selected multilib: .]
  ignore line: [@m64]
  ignore line: [Found HIP installation: /opt/rocm-6.1.1/lib/llvm/bin/../../..  version 6.1.40092]
  ignore line: [ "/opt/rocm-6.1.1/lib/llvm/bin/clang-17" -cc1 -triple amdgcn-amd-amdhsa -aux-triple x86_64-unknown-linux-gnu -emit-obj -disable-free -clear-ast-before-backend -disable-llvm-verifier -discard-value-names -main-file-name CMakeCXXCompilerABI.cpp -mrelocation-model pic -pic-level 2 -fhalf-no-semantic-interposition -mframe-pointer=none -fno-rounding-math -mconstructor-aliases -aux-target-cpu x86-64 -fcuda-is-device -mllvm -amdgpu-internalize-symbols -fcuda-allow-variadic-functions -fvisibility=hidden -fapply-global-visibility-to-externs -mlink-builtin-bitcode /opt/rocm-6.1.1/lib/llvm/lib/clang/17/lib/amdgcn/bitcode/hip.bc -mlink-builtin-bitcode /opt/rocm-6.1.1/lib/llvm/lib/clang/17/lib/amdgcn/bitcode/ocml.bc -mlink-builtin-bitcode /opt/rocm-6.1.1/lib/llvm/lib/clang/17/lib/amdgcn/bitcode/ockl.bc -mlink-builtin-bitcode /opt/rocm-6.1.1/lib/llvm/lib/clang/17/lib/amdgcn/bitcode/oclc_daz_opt_off.bc -mlink-builtin-bitcode /opt/rocm-6.1.1/lib/llvm/lib/clang/17/lib/amdgcn/bitcode/oclc_unsafe_math_off.bc -mlink-builtin-bitcode /opt/rocm-6.1.1/lib/llvm/lib/clang/17/lib/amdgcn/bitcode/oclc_finite_only_off.bc -mlink-builtin-bitcode /opt/rocm-6.1.1/lib/llvm/lib/clang/17/lib/amdgcn/bitcode/oclc_correctly_rounded_sqrt_on.bc -mlink-builtin-bitcode /opt/rocm-6.1.1/lib/llvm/lib/clang/17/lib/amdgcn/bitcode/oclc_wavefrontsize64_on.bc -mlink-builtin-bitcode /opt/rocm-6.1.1/lib/llvm/lib/clang/17/lib/amdgcn/bitcode/oclc_isa_version_90a.bc -mlink-builtin-bitcode /opt/rocm-6.1.1/lib/llvm/lib/clang/17/lib/amdgcn/bitcode/oclc_abi_version_500.bc -target-cpu gfx90a -debugger-tuning=gdb -v -resource-dir /opt/rocm-6.1.1/lib/llvm/lib/clang/17 -dependency-file CMakeFiles/cmTC_67364.dir/CMakeCXXCompilerABI.cpp.o.d -MT CMakeFiles/cmTC_67364.dir/CMakeCXXCompilerABI.cpp.o -sys-header-deps -canonical-system-headers -internal-isystem /opt/rocm-6.1.1/lib/llvm/lib/clang/17/include/cuda_wrappers -idirafter /opt/rocm-6.1.1/lib/llvm/bin/../../../include -include __clang_hip_runtime_wrapper.h -isystem /opt/rocm-6.1.1/include -I/usr/tce/packages/python/python-3.9.12/include/python3.9 -internal-isystem /opt/rh/gcc-toolset-12/root/usr/lib/gcc/x86_64-redhat-linux/12/../../../../include/c++/12 -internal-isystem /opt/rh/gcc-toolset-12/root/usr/lib/gcc/x86_64-redhat-linux/12/../../../../include/c++/12/x86_64-redhat-linux -internal-isystem /opt/rh/gcc-toolset-12/root/usr/lib/gcc/x86_64-redhat-linux/12/../../../../include/c++/12/backward -internal-isystem /opt/rh/gcc-toolset-12/root/usr/lib/gcc/x86_64-redhat-linux/12/../../../../include/c++/12 -internal-isystem /opt/rh/gcc-toolset-12/root/usr/lib/gcc/x86_64-redhat-linux/12/../../../../include/c++/12/x86_64-redhat-linux -internal-isystem /opt/rh/gcc-toolset-12/root/usr/lib/gcc/x86_64-redhat-linux/12/../../../../include/c++/12/backward -internal-isystem /opt/rocm-6.1.1/lib/llvm/lib/clang/17/include -internal-isystem /usr/local/include -internal-isystem /opt/rh/gcc-toolset-12/root/usr/lib/gcc/x86_64-redhat-linux/12/../../../../x86_64-redhat-linux/include -internal-externc-isystem /include -internal-externc-isystem /usr/include -internal-isystem /opt/rocm-6.1.1/lib/llvm/lib/clang/17/include -internal-isystem /usr/local/include -internal-isystem /opt/rh/gcc-toolset-12/root/usr/lib/gcc/x86_64-redhat-linux/12/../../../../x86_64-redhat-linux/include -internal-externc-isystem /include -internal-externc-isystem /usr/include -O3 -fdeprecated-macro -fno-autolink -fdebug-compilation-dir=/usr/WS2/holger/magma/build_hip/CMakeFiles/CMakeTmp -ferror-limit 19 -fhip-new-launch-api -fgnuc-version=4.2.1 -fcxx-exceptions -fexceptions -vectorize-loops -vectorize-slp -mllvm -amdgpu-early-inline-all=true -mllvm -amdgpu-function-calls=false -cuid=9e3647654c81dab5 -fcuda-allow-variadic-functions -faddrsig -D__GCC_HAVE_DWARF2_CFI_ASM=1 -o /var/tmp/holger/CMakeCXXCompilerABI-gfx90a-af26dc.o -x hip /usr/tce/backend/installations/linux-rhel8-x86_64/gcc-8.3.1/cmake-3.24.2-ywx52e32uh6gkxzuyubpwkulzgdvxyh6/share/cmake-3.24/Modules/CMakeCXXCompilerABI.cpp]
  ignore line: [clang -cc1 version 17.0.0 based upon LLVM 17.0.0git default target x86_64-unknown-linux-gnu]
  ignore line: [ignoring nonexistent directory "/opt/rh/gcc-toolset-12/root/usr/lib/gcc/x86_64-redhat-linux/12/../../../../x86_64-redhat-linux/include"]
  ignore line: [ignoring nonexistent directory "/include"]
  ignore line: [ignoring nonexistent directory "/opt/rh/gcc-toolset-12/root/usr/lib/gcc/x86_64-redhat-linux/12/../../../../x86_64-redhat-linux/include"]
  ignore line: [ignoring nonexistent directory "/include"]
  ignore line: [ignoring duplicate directory "/opt/rh/gcc-toolset-12/root/usr/lib/gcc/x86_64-redhat-linux/12/../../../../include/c++/12"]
  ignore line: [ignoring duplicate directory "/opt/rh/gcc-toolset-12/root/usr/lib/gcc/x86_64-redhat-linux/12/../../../../include/c++/12/x86_64-redhat-linux"]
  ignore line: [ignoring duplicate directory "/opt/rh/gcc-toolset-12/root/usr/lib/gcc/x86_64-redhat-linux/12/../../../../include/c++/12/backward"]
  ignore line: [ignoring duplicate directory "/opt/rocm-6.1.1/lib/llvm/lib/clang/17/include"]
  ignore line: [ignoring duplicate directory "/usr/local/include"]
  ignore line: [ignoring duplicate directory "/usr/include"]
  ignore line: [ignoring duplicate directory "/usr/local/include"]
  ignore line: [ignoring duplicate directory "/opt/rocm-6.1.1/lib/llvm/lib/clang/17/include"]
  ignore line: [ignoring duplicate directory "/usr/include"]
  ignore line: [ignoring duplicate directory "/opt/rocm-6.1.1/lib/llvm/bin/../../../include"]
  ignore line: [#include "..." search starts here:]
  ignore line: [#include <...> search starts here:]
  ignore line: [ /usr/tce/packages/python/python-3.9.12/include/python3.9]
  ignore line: [ /opt/rocm-6.1.1/include]
  ignore line: [ /opt/rocm-6.1.1/lib/llvm/lib/clang/17/include/cuda_wrappers]
  ignore line: [ /opt/rh/gcc-toolset-12/root/usr/lib/gcc/x86_64-redhat-linux/12/../../../../include/c++/12]
  ignore line: [ /opt/rh/gcc-toolset-12/root/usr/lib/gcc/x86_64-redhat-linux/12/../../../../include/c++/12/x86_64-redhat-linux]
  ignore line: [ /opt/rh/gcc-toolset-12/root/usr/lib/gcc/x86_64-redhat-linux/12/../../../../include/c++/12/backward]
  ignore line: [ /opt/rocm-6.1.1/lib/llvm/lib/clang/17/include]
  ignore line: [ /usr/local/include]
  ignore line: [ /usr/include]
  ignore line: [End of search list.]
  ignore line: [ "/opt/rocm-6.1.1/llvm/bin/lld" -flavor gnu -m elf64_amdgpu --no-undefined -shared -plugin-opt=-amdgpu-internalize-symbols -plugin-opt=mcpu=gfx90a -plugin-opt=O3 --lto-CGO3 --whole-archive -o /var/tmp/holger/CMakeCXXCompilerABI-gfx90a-4d88dc.out /var/tmp/holger/CMakeCXXCompilerABI-gfx90a-af26dc.o --no-whole-archive]
  ignore line: [ "/opt/rocm-6.1.1/llvm/bin/clang-offload-bundler" -type=o -bundle-align=4096 -targets=host-x86_64-unknown-linux hipv4-amdgcn-amd-amdhsa--gfx90a -input=/dev/null -input=/var/tmp/holger/CMakeCXXCompilerABI-gfx90a-4d88dc.out -output=/var/tmp/holger/CMakeCXXCompilerABI-73f0a7.hipfb]
  ignore line: [ "/opt/rocm-6.1.1/lib/llvm/bin/clang-17" -cc1 -triple x86_64-unknown-linux-gnu -aux-triple amdgcn-amd-amdhsa -emit-obj -disable-free -clear-ast-before-backend -disable-llvm-verifier -discard-value-names -main-file-name CMakeCXXCompilerABI.cpp -mrelocation-model static -mframe-pointer=none -fmath-errno -fno-rounding-math -mconstructor-aliases -funwind-tables=2 -target-cpu x86-64 -tune-cpu generic -debugger-tuning=gdb -v -fcoverage-compilation-dir=/usr/WS2/holger/magma/build_hip/CMakeFiles/CMakeTmp -resource-dir /opt/rocm-6.1.1/lib/llvm/lib/clang/17 -dependency-file CMakeFiles/cmTC_67364.dir/CMakeCXXCompilerABI.cpp.o.d -MT CMakeFiles/cmTC_67364.dir/CMakeCXXCompilerABI.cpp.o -sys-header-deps -canonical-system-headers -internal-isystem /opt/rocm-6.1.1/lib/llvm/lib/clang/17/include/cuda_wrappers -idirafter /opt/rocm-6.1.1/lib/llvm/bin/../../../include -include __clang_hip_runtime_wrapper.h -isystem /opt/rocm-6.1.1/include -I/usr/tce/packages/python/python-3.9.12/include/python3.9 -internal-isystem /opt/rh/gcc-toolset-12/root/usr/lib/gcc/x86_64-redhat-linux/12/../../../../include/c++/12 -internal-isystem /opt/rh/gcc-toolset-12/root/usr/lib/gcc/x86_64-redhat-linux/12/../../../../include/c++/12/x86_64-redhat-linux -internal-isystem /opt/rh/gcc-toolset-12/root/usr/lib/gcc/x86_64-redhat-linux/12/../../../../include/c++/12/backward -internal-isystem /opt/rh/gcc-toolset-12/root/usr/lib/gcc/x86_64-redhat-linux/12/../../../../include/c++/12 -internal-isystem /opt/rh/gcc-toolset-12/root/usr/lib/gcc/x86_64-redhat-linux/12/../../../../include/c++/12/x86_64-redhat-linux -internal-isystem /opt/rh/gcc-toolset-12/root/usr/lib/gcc/x86_64-redhat-linux/12/../../../../include/c++/12/backward -internal-isystem /opt/rocm-6.1.1/lib/llvm/lib/clang/17/include -internal-isystem /usr/local/include -internal-isystem /opt/rh/gcc-toolset-12/root/usr/lib/gcc/x86_64-redhat-linux/12/../../../../x86_64-redhat-linux/include -internal-externc-isystem /include -internal-externc-isystem /usr/include -internal-isystem /opt/rocm-6.1.1/lib/llvm/lib/clang/17/include -internal-isystem /usr/local/include -internal-isystem /opt/rh/gcc-toolset-12/root/usr/lib/gcc/x86_64-redhat-linux/12/../../../../x86_64-redhat-linux/include -internal-externc-isystem /include -internal-externc-isystem /usr/include -O3 -fdeprecated-macro -fdebug-compilation-dir=/usr/WS2/holger/magma/build_hip/CMakeFiles/CMakeTmp -ferror-limit 19 -fhip-new-launch-api -fgnuc-version=4.2.1 -fcxx-exceptions -fexceptions -vectorize-loops -vectorize-slp -mllvm -amdgpu-early-inline-all=true -mllvm -amdgpu-function-calls=false -fcuda-include-gpubinary /var/tmp/holger/CMakeCXXCompilerABI-73f0a7.hipfb -cuid=9e3647654c81dab5 -fcuda-allow-variadic-functions -faddrsig -D__GCC_HAVE_DWARF2_CFI_ASM=1 -o CMakeFiles/cmTC_67364.dir/CMakeCXXCompilerABI.cpp.o -x hip /usr/tce/backend/installations/linux-rhel8-x86_64/gcc-8.3.1/cmake-3.24.2-ywx52e32uh6gkxzuyubpwkulzgdvxyh6/share/cmake-3.24/Modules/CMakeCXXCompilerABI.cpp]
  ignore line: [clang -cc1 version 17.0.0 based upon LLVM 17.0.0git default target x86_64-unknown-linux-gnu]
  ignore line: [ignoring nonexistent directory "/opt/rh/gcc-toolset-12/root/usr/lib/gcc/x86_64-redhat-linux/12/../../../../x86_64-redhat-linux/include"]
  ignore line: [ignoring nonexistent directory "/include"]
  ignore line: [ignoring nonexistent directory "/opt/rh/gcc-toolset-12/root/usr/lib/gcc/x86_64-redhat-linux/12/../../../../x86_64-redhat-linux/include"]
  ignore line: [ignoring nonexistent directory "/include"]
  ignore line: [ignoring duplicate directory "/opt/rh/gcc-toolset-12/root/usr/lib/gcc/x86_64-redhat-linux/12/../../../../include/c++/12"]
  ignore line: [ignoring duplicate directory "/opt/rh/gcc-toolset-12/root/usr/lib/gcc/x86_64-redhat-linux/12/../../../../include/c++/12/x86_64-redhat-linux"]
  ignore line: [ignoring duplicate directory "/opt/rh/gcc-toolset-12/root/usr/lib/gcc/x86_64-redhat-linux/12/../../../../include/c++/12/backward"]
  ignore line: [ignoring duplicate directory "/opt/rocm-6.1.1/lib/llvm/lib/clang/17/include"]
  ignore line: [ignoring duplicate directory "/usr/local/include"]
  ignore line: [ignoring duplicate directory "/usr/include"]
  ignore line: [ignoring duplicate directory "/opt/rocm-6.1.1/lib/llvm/bin/../../../include"]
  ignore line: [#include "..." search starts here:]
  ignore line: [#include <...> search starts here:]
  ignore line: [ /usr/tce/packages/python/python-3.9.12/include/python3.9]
  ignore line: [ /opt/rocm-6.1.1/include]
  ignore line: [ /opt/rocm-6.1.1/lib/llvm/lib/clang/17/include/cuda_wrappers]
  ignore line: [ /opt/rh/gcc-toolset-12/root/usr/lib/gcc/x86_64-redhat-linux/12/../../../../include/c++/12]
  ignore line: [ /opt/rh/gcc-toolset-12/root/usr/lib/gcc/x86_64-redhat-linux/12/../../../../include/c++/12/x86_64-redhat-linux]
  ignore line: [ /opt/rh/gcc-toolset-12/root/usr/lib/gcc/x86_64-redhat-linux/12/../../../../include/c++/12/backward]
  ignore line: [ /opt/rocm-6.1.1/lib/llvm/lib/clang/17/include]
  ignore line: [ /usr/local/include]
  ignore line: [ /usr/include]
  ignore line: [End of search list.]
  ignore line: [Linking CXX executable cmTC_67364]
  ignore line: [/usr/tce/backend/installations/linux-rhel8-x86_64/gcc-8.3.1/cmake-3.24.2-ywx52e32uh6gkxzuyubpwkulzgdvxyh6/bin/cmake -E cmake_link_script CMakeFiles/cmTC_67364.dir/link.txt --verbose=1]
  ignore line: [/opt/rocm-6.1.1/bin/hipcc  -v CMakeFiles/cmTC_67364.dir/CMakeCXXCompilerABI.cpp.o -o cmTC_67364 ]
  ignore line: [AMD clang version 17.0.0 (https://github.com/RadeonOpenCompute/llvm-project roc-6.1.1 24154 f53cd7e03908085f4932f7329464cd446426436a)]
  ignore line: [Target: x86_64-unknown-linux-gnu]
  ignore line: [Thread model: posix]
  ignore line: [InstalledDir: /opt/rocm-6.1.1/llvm/bin]
  ignore line: [Configuration file: /opt/rocm-6.1.1/lib/llvm/bin/clang++.cfg]
  ignore line: [Found candidate GCC installation: /opt/rh/gcc-toolset-12/root/usr/lib/gcc/x86_64-redhat-linux/12]
  ignore line: [Selected GCC installation: /opt/rh/gcc-toolset-12/root/usr/lib/gcc/x86_64-redhat-linux/12]
  ignore line: [Candidate multilib: .]
  ignore line: [@m64]
  ignore line: [Candidate multilib: 32]
  ignore line: [@m32]
  ignore line: [Selected multilib: .]
  ignore line: [@m64]
  ignore line: [Found HIP installation: /opt/rocm-6.1.1/lib/llvm/bin/../../..  version 6.1.40092]
  link line: [ "/opt/rocm-6.1.1/llvm/bin/ld.lld" --hash-style=gnu --eh-frame-hdr -m elf_x86_64 -dynamic-linker /lib64/ld-linux-x86-64.so.2 -o cmTC_67364 /lib/../lib64/crt1.o /lib/../lib64/crti.o /opt/rocm-6.1.1/lib/llvm/lib/clang/17/lib/linux/clang_rt.crtbegin-x86_64.o -L/opt/rh/gcc-toolset-12/root/usr/lib/gcc/x86_64-redhat-linux/12 -L/opt/rh/gcc-toolset-12/root/usr/lib/gcc/x86_64-redhat-linux/12/../../../../lib64 -L/lib/../lib64 -L/usr/lib/../lib64 -L/lib -L/usr/lib --disable-new-dtags CMakeFiles/cmTC_67364.dir/CMakeCXXCompilerABI.cpp.o -L/opt/rocm-6.1.1/lib/llvm/bin/../../../lib -rpath /opt/rocm-6.1.1/lib/llvm/bin/../../../lib -lamdhip64 -lstdc++ -lm /opt/rocm-6.1.1/lib/llvm/lib/clang/17/lib/linux/libclang_rt.builtins-x86_64.a -lgcc_s -lc /opt/rocm-6.1.1/lib/llvm/lib/clang/17/lib/linux/libclang_rt.builtins-x86_64.a -lgcc_s /opt/rocm-6.1.1/lib/llvm/lib/clang/17/lib/linux/clang_rt.crtend-x86_64.o /lib/../lib64/crtn.o]
    arg [/opt/rocm-6.1.1/llvm/bin/ld.lld] ==> ignore
    arg [--hash-style=gnu] ==> ignore
    arg [--eh-frame-hdr] ==> ignore
    arg [-m] ==> ignore
    arg [elf_x86_64] ==> ignore
    arg [-dynamic-linker] ==> ignore
    arg [/lib64/ld-linux-x86-64.so.2] ==> ignore
    arg [-o] ==> ignore
    arg [cmTC_67364] ==> ignore
    arg [/lib/../lib64/crt1.o] ==> obj [/lib/../lib64/crt1.o]
    arg [/lib/../lib64/crti.o] ==> obj [/lib/../lib64/crti.o]
    arg [/opt/rocm-6.1.1/lib/llvm/lib/clang/17/lib/linux/clang_rt.crtbegin-x86_64.o] ==> obj [/opt/rocm-6.1.1/lib/llvm/lib/clang/17/lib/linux/clang_rt.crtbegin-x86_64.o]
    arg [-L/opt/rh/gcc-toolset-12/root/usr/lib/gcc/x86_64-redhat-linux/12] ==> dir [/opt/rh/gcc-toolset-12/root/usr/lib/gcc/x86_64-redhat-linux/12]
    arg [-L/opt/rh/gcc-toolset-12/root/usr/lib/gcc/x86_64-redhat-linux/12/../../../../lib64] ==> dir [/opt/rh/gcc-toolset-12/root/usr/lib/gcc/x86_64-redhat-linux/12/../../../../lib64]
    arg [-L/lib/../lib64] ==> dir [/lib/../lib64]
    arg [-L/usr/lib/../lib64] ==> dir [/usr/lib/../lib64]
    arg [-L/lib] ==> dir [/lib]
    arg [-L/usr/lib] ==> dir [/usr/lib]
    arg [--disable-new-dtags] ==> ignore
    arg [CMakeFiles/cmTC_67364.dir/CMakeCXXCompilerABI.cpp.o] ==> ignore
    arg [-L/opt/rocm-6.1.1/lib/llvm/bin/../../../lib] ==> dir [/opt/rocm-6.1.1/lib/llvm/bin/../../../lib]
    arg [-rpath] ==> ignore
    arg [/opt/rocm-6.1.1/lib/llvm/bin/../../../lib] ==> ignore
    arg [-lamdhip64] ==> lib [amdhip64]
    arg [-lstdc++] ==> lib [stdc++]
    arg [-lm] ==> lib [m]
    arg [/opt/rocm-6.1.1/lib/llvm/lib/clang/17/lib/linux/libclang_rt.builtins-x86_64.a] ==> lib [/opt/rocm-6.1.1/lib/llvm/lib/clang/17/lib/linux/libclang_rt.builtins-x86_64.a]
    arg [-lgcc_s] ==> lib [gcc_s]
    arg [-lc] ==> lib [c]
    arg [/opt/rocm-6.1.1/lib/llvm/lib/clang/17/lib/linux/libclang_rt.builtins-x86_64.a] ==> lib [/opt/rocm-6.1.1/lib/llvm/lib/clang/17/lib/linux/libclang_rt.builtins-x86_64.a]
    arg [-lgcc_s] ==> lib [gcc_s]
    arg [/opt/rocm-6.1.1/lib/llvm/lib/clang/17/lib/linux/clang_rt.crtend-x86_64.o] ==> obj [/opt/rocm-6.1.1/lib/llvm/lib/clang/17/lib/linux/clang_rt.crtend-x86_64.o]
    arg [/lib/../lib64/crtn.o] ==> obj [/lib/../lib64/crtn.o]
  remove lib [/opt/rocm-6.1.1/lib/llvm/lib/clang/17/lib/linux/libclang_rt.builtins-x86_64.a]
  remove lib [/opt/rocm-6.1.1/lib/llvm/lib/clang/17/lib/linux/libclang_rt.builtins-x86_64.a]
  collapse obj [/lib/../lib64/crt1.o] ==> [/lib64/crt1.o]
  collapse obj [/lib/../lib64/crti.o] ==> [/lib64/crti.o]
  collapse obj [/lib/../lib64/crtn.o] ==> [/lib64/crtn.o]
  collapse library dir [/opt/rh/gcc-toolset-12/root/usr/lib/gcc/x86_64-redhat-linux/12] ==> [/opt/rh/gcc-toolset-12/root/usr/lib/gcc/x86_64-redhat-linux/12]
  collapse library dir [/opt/rh/gcc-toolset-12/root/usr/lib/gcc/x86_64-redhat-linux/12/../../../../lib64] ==> [/opt/rh/gcc-toolset-12/root/usr/lib64]
  collapse library dir [/lib/../lib64] ==> [/lib64]
  collapse library dir [/usr/lib/../lib64] ==> [/usr/lib64]
  collapse library dir [/lib] ==> [/lib]
  collapse library dir [/usr/lib] ==> [/usr/lib]
  collapse library dir [/opt/rocm-6.1.1/lib/llvm/bin/../../../lib] ==> [/opt/rocm-6.1.1/lib]
  implicit libs: [amdhip64;stdc++;m;gcc_s;c;gcc_s]
  implicit objs: [/lib64/crt1.o;/lib64/crti.o;/opt/rocm-6.1.1/lib/llvm/lib/clang/17/lib/linux/clang_rt.crtbegin-x86_64.o;/opt/rocm-6.1.1/lib/llvm/lib/clang/17/lib/linux/clang_rt.crtend-x86_64.o;/lib64/crtn.o]
  implicit dirs: [/opt/rh/gcc-toolset-12/root/usr/lib/gcc/x86_64-redhat-linux/12;/opt/rh/gcc-toolset-12/root/usr/lib64;/lib64;/usr/lib64;/lib;/usr/lib;/opt/rocm-6.1.1/lib]
  implicit fwks: []


Performing C++ SOURCE FILE Test COMPILER_SUPPORTS_CXX11 succeeded with the following output:
Change Dir: /g/g0/holger/workspace/magma/build_hip/CMakeFiles/CMakeTmp

Run Build Command(s):/usr/bin/gmake -f Makefile cmTC_fa73b/fast && /usr/bin/gmake  -f CMakeFiles/cmTC_fa73b.dir/build.make CMakeFiles/cmTC_fa73b.dir/build
gmake[1]: Entering directory '/usr/WS2/holger/magma/build_hip/CMakeFiles/CMakeTmp'
Building CXX object CMakeFiles/cmTC_fa73b.dir/src.cxx.o
/opt/rocm-6.1.1/bin/hipcc -DCOMPILER_SUPPORTS_CXX11  -std=c++11 -MD -MT CMakeFiles/cmTC_fa73b.dir/src.cxx.o -MF CMakeFiles/cmTC_fa73b.dir/src.cxx.o.d -o CMakeFiles/cmTC_fa73b.dir/src.cxx.o -c /g/g0/holger/workspace/magma/build_hip/CMakeFiles/CMakeTmp/src.cxx
Linking CXX executable cmTC_fa73b
/usr/tce/backend/installations/linux-rhel8-x86_64/gcc-8.3.1/cmake-3.24.2-ywx52e32uh6gkxzuyubpwkulzgdvxyh6/bin/cmake -E cmake_link_script CMakeFiles/cmTC_fa73b.dir/link.txt --verbose=1
/opt/rocm-6.1.1/bin/hipcc CMakeFiles/cmTC_fa73b.dir/src.cxx.o -o cmTC_fa73b 
gmake[1]: Leaving directory '/usr/WS2/holger/magma/build_hip/CMakeFiles/CMakeTmp'


Source file was:
int main() { return 0; }
Performing C++ SOURCE FILE Test COMPILER_SUPPORTS_CXX0X succeeded with the following output:
Change Dir: /g/g0/holger/workspace/magma/build_hip/CMakeFiles/CMakeTmp

Run Build Command(s):/usr/bin/gmake -f Makefile cmTC_a428e/fast && /usr/bin/gmake  -f CMakeFiles/cmTC_a428e.dir/build.make CMakeFiles/cmTC_a428e.dir/build
gmake[1]: Entering directory '/usr/WS2/holger/magma/build_hip/CMakeFiles/CMakeTmp'
Building CXX object CMakeFiles/cmTC_a428e.dir/src.cxx.o
/opt/rocm-6.1.1/bin/hipcc -DCOMPILER_SUPPORTS_CXX0X  -std=c++0x -MD -MT CMakeFiles/cmTC_a428e.dir/src.cxx.o -MF CMakeFiles/cmTC_a428e.dir/src.cxx.o.d -o CMakeFiles/cmTC_a428e.dir/src.cxx.o -c /g/g0/holger/workspace/magma/build_hip/CMakeFiles/CMakeTmp/src.cxx
Linking CXX executable cmTC_a428e
/usr/tce/backend/installations/linux-rhel8-x86_64/gcc-8.3.1/cmake-3.24.2-ywx52e32uh6gkxzuyubpwkulzgdvxyh6/bin/cmake -E cmake_link_script CMakeFiles/cmTC_a428e.dir/link.txt --verbose=1
/opt/rocm-6.1.1/bin/hipcc CMakeFiles/cmTC_a428e.dir/src.cxx.o -o cmTC_a428e 
gmake[1]: Leaving directory '/usr/WS2/holger/magma/build_hip/CMakeFiles/CMakeTmp'


Source file was:
int main() { return 0; }
Performing C++ SOURCE FILE Test COMPILER_SUPPORTS_FPIC succeeded with the following output:
Change Dir: /g/g0/holger/workspace/magma/build_hip/CMakeFiles/CMakeTmp

Run Build Command(s):/usr/bin/gmake -f Makefile cmTC_d897b/fast && /usr/bin/gmake  -f CMakeFiles/cmTC_d897b.dir/build.make CMakeFiles/cmTC_d897b.dir/build
gmake[1]: Entering directory '/usr/WS2/holger/magma/build_hip/CMakeFiles/CMakeTmp'
Building CXX object CMakeFiles/cmTC_d897b.dir/src.cxx.o
/opt/rocm-6.1.1/bin/hipcc -DCOMPILER_SUPPORTS_FPIC  -fPIC -MD -MT CMakeFiles/cmTC_d897b.dir/src.cxx.o -MF CMakeFiles/cmTC_d897b.dir/src.cxx.o.d -o CMakeFiles/cmTC_d897b.dir/src.cxx.o -c /g/g0/holger/workspace/magma/build_hip/CMakeFiles/CMakeTmp/src.cxx
Linking CXX executable cmTC_d897b
/usr/tce/backend/installations/linux-rhel8-x86_64/gcc-8.3.1/cmake-3.24.2-ywx52e32uh6gkxzuyubpwkulzgdvxyh6/bin/cmake -E cmake_link_script CMakeFiles/cmTC_d897b.dir/link.txt --verbose=1
/opt/rocm-6.1.1/bin/hipcc CMakeFiles/cmTC_d897b.dir/src.cxx.o -o cmTC_d897b 
gmake[1]: Leaving directory '/usr/WS2/holger/magma/build_hip/CMakeFiles/CMakeTmp'


Source file was:
int main() { return 0; }
Performing C SOURCE FILE Test COMPILER_SUPPORTS_C99 succeeded with the following output:
Change Dir: /g/g0/holger/workspace/magma/build_hip/CMakeFiles/CMakeTmp

Run Build Command(s):/usr/bin/gmake -f Makefile cmTC_60290/fast && /usr/bin/gmake  -f CMakeFiles/cmTC_60290.dir/build.make CMakeFiles/cmTC_60290.dir/build
gmake[1]: Entering directory '/usr/WS2/holger/magma/build_hip/CMakeFiles/CMakeTmp'
Building C object CMakeFiles/cmTC_60290.dir/src.c.o
/opt/rocm-6.1.1/bin/hipcc -DCOMPILER_SUPPORTS_C99  -std=c99 -MD -MT CMakeFiles/cmTC_60290.dir/src.c.o -MF CMakeFiles/cmTC_60290.dir/src.c.o.d -o CMakeFiles/cmTC_60290.dir/src.c.o -c /g/g0/holger/workspace/magma/build_hip/CMakeFiles/CMakeTmp/src.c
Linking C executable cmTC_60290
/usr/tce/backend/installations/linux-rhel8-x86_64/gcc-8.3.1/cmake-3.24.2-ywx52e32uh6gkxzuyubpwkulzgdvxyh6/bin/cmake -E cmake_link_script CMakeFiles/cmTC_60290.dir/link.txt --verbose=1
/opt/rocm-6.1.1/bin/hipcc CMakeFiles/cmTC_60290.dir/src.c.o -o cmTC_60290 
gmake[1]: Leaving directory '/usr/WS2/holger/magma/build_hip/CMakeFiles/CMakeTmp'


Source file was:
int main(void) { return 0; }
Detecting C OpenMP compiler ABI info compiled with the following output:
Change Dir: /g/g0/holger/workspace/magma/build_hip/CMakeFiles/CMakeTmp

Run Build Command(s):/usr/bin/gmake -f Makefile cmTC_ad5da/fast && /usr/bin/gmake  -f CMakeFiles/cmTC_ad5da.dir/build.make CMakeFiles/cmTC_ad5da.dir/build
gmake[1]: Entering directory '/usr/WS2/holger/magma/build_hip/CMakeFiles/CMakeTmp'
Building C object CMakeFiles/cmTC_ad5da.dir/OpenMPTryFlag.c.o
/opt/rocm-6.1.1/bin/hipcc   -std=c99   -DADD_ -fopenmp=libomp -v -MD -MT CMakeFiles/cmTC_ad5da.dir/OpenMPTryFlag.c.o -MF CMakeFiles/cmTC_ad5da.dir/OpenMPTryFlag.c.o.d -o CMakeFiles/cmTC_ad5da.dir/OpenMPTryFlag.c.o -c /g/g0/holger/workspace/magma/build_hip/CMakeFiles/FindOpenMP/OpenMPTryFlag.c
AMD clang version 17.0.0 (https://github.com/RadeonOpenCompute/llvm-project roc-6.1.1 24154 f53cd7e03908085f4932f7329464cd446426436a)
Target: x86_64-unknown-linux-gnu
Thread model: posix
InstalledDir: /opt/rocm-6.1.1/llvm/bin
Configuration file: /opt/rocm-6.1.1/lib/llvm/bin/clang.cfg
Found candidate GCC installation: /opt/rh/gcc-toolset-12/root/usr/lib/gcc/x86_64-redhat-linux/12
Selected GCC installation: /opt/rh/gcc-toolset-12/root/usr/lib/gcc/x86_64-redhat-linux/12
Candidate multilib: .;@m64
Candidate multilib: 32;@m32
Selected multilib: .;@m64
Found HIP installation: /opt/rocm-6.1.1/lib/llvm/bin/../../.., version 6.1.40092
 (in-process)
 "/opt/rocm-6.1.1/lib/llvm/bin/clang-17" -cc1 -triple x86_64-unknown-linux-gnu -emit-obj -disable-free -clear-ast-before-backend -disable-llvm-verifier -discard-value-names -main-file-name OpenMPTryFlag.c -mrelocation-model static -mframe-pointer=none -fmath-errno -ffp-contract=on -fno-rounding-math -mconstructor-aliases -funwind-tables=2 -target-cpu x86-64 -tune-cpu generic -debugger-tuning=gdb -v -fcoverage-compilation-dir=/usr/WS2/holger/magma/build_hip/CMakeFiles/CMakeTmp -resource-dir /opt/rocm-6.1.1/lib/llvm/lib/clang/17 -dependency-file CMakeFiles/cmTC_ad5da.dir/OpenMPTryFlag.c.o.d -MT CMakeFiles/cmTC_ad5da.dir/OpenMPTryFlag.c.o -sys-header-deps -canonical-system-headers -I /opt/rocm-6.1.1/lib/llvm/bin/../include -isystem /opt/rocm-6.1.1/include -D ADD_ -I/usr/tce/packages/python/python-3.9.12/include/python3.9 -internal-isystem /opt/rocm-6.1.1/lib/llvm/lib/clang/17/include -internal-isystem /usr/local/include -internal-isystem /opt/rh/gcc-toolset-12/root/usr/lib/gcc/x86_64-redhat-linux/12/../../../../x86_64-redhat-linux/include -internal-externc-isystem /include -internal-externc-isystem /usr/include -O3 -std=c99 -fdebug-compilation-dir=/usr/WS2/holger/magma/build_hip/CMakeFiles/CMakeTmp -ferror-limit 19 -fopenmp -fno-openmp-target-fast -fno-openmp-target-ignore-env-vars -fopenmp-target-big-jump-loop -fopenmp-target-no-loop -fopenmp-target-xteam-reduction -fopenmp-target-new-runtime -fno-openmp-assume-no-thread-state -fno-openmp-assume-no-nested-parallelism -fgnuc-version=4.2.1 -vectorize-loops -vectorize-slp -faddrsig -D__GCC_HAVE_DWARF2_CFI_ASM=1 -o CMakeFiles/cmTC_ad5da.dir/OpenMPTryFlag.c.o -x c /g/g0/holger/workspace/magma/build_hip/CMakeFiles/FindOpenMP/OpenMPTryFlag.c
clang -cc1 version 17.0.0 based upon LLVM 17.0.0git default target x86_64-unknown-linux-gnu
ignoring nonexistent directory "/opt/rh/gcc-toolset-12/root/usr/lib/gcc/x86_64-redhat-linux/12/../../../../x86_64-redhat-linux/include"
ignoring nonexistent directory "/include"
#include "..." search starts here:
#include <...> search starts here:
 /opt/rocm-6.1.1/lib/llvm/bin/../include
 /usr/tce/packages/python/python-3.9.12/include/python3.9
 /opt/rocm-6.1.1/include
 /opt/rocm-6.1.1/lib/llvm/lib/clang/17/include
 /usr/local/include
 /usr/include
End of search list.
Linking C executable cmTC_ad5da
/usr/tce/backend/installations/linux-rhel8-x86_64/gcc-8.3.1/cmake-3.24.2-ywx52e32uh6gkxzuyubpwkulzgdvxyh6/bin/cmake -E cmake_link_script CMakeFiles/cmTC_ad5da.dir/link.txt --verbose=1
/opt/rocm-6.1.1/bin/hipcc  -std=c99   -DADD_ -fopenmp=libomp -v CMakeFiles/cmTC_ad5da.dir/OpenMPTryFlag.c.o -o cmTC_ad5da  -v 
AMD clang version 17.0.0 (https://github.com/RadeonOpenCompute/llvm-project roc-6.1.1 24154 f53cd7e03908085f4932f7329464cd446426436a)
Target: x86_64-unknown-linux-gnu
Thread model: posix
InstalledDir: /opt/rocm-6.1.1/llvm/bin
Configuration file: /opt/rocm-6.1.1/lib/llvm/bin/clang++.cfg
Found candidate GCC installation: /opt/rh/gcc-toolset-12/root/usr/lib/gcc/x86_64-redhat-linux/12
Selected GCC installation: /opt/rh/gcc-toolset-12/root/usr/lib/gcc/x86_64-redhat-linux/12
Candidate multilib: .;@m64
Candidate multilib: 32;@m32
Selected multilib: .;@m64
Found HIP installation: /opt/rocm-6.1.1/lib/llvm/bin/../../.., version 6.1.40092
 "/opt/rocm-6.1.1/llvm/bin/ld.lld" --hash-style=gnu --eh-frame-hdr -m elf_x86_64 -dynamic-linker /lib64/ld-linux-x86-64.so.2 -o cmTC_ad5da /lib/../lib64/crt1.o /lib/../lib64/crti.o /opt/rocm-6.1.1/lib/llvm/lib/clang/17/lib/linux/clang_rt.crtbegin-x86_64.o -L/opt/rh/gcc-toolset-12/root/usr/lib/gcc/x86_64-redhat-linux/12 -L/opt/rh/gcc-toolset-12/root/usr/lib/gcc/x86_64-redhat-linux/12/../../../../lib64 -L/lib/../lib64 -L/usr/lib/../lib64 -L/lib -L/usr/lib --disable-new-dtags CMakeFiles/cmTC_ad5da.dir/OpenMPTryFlag.c.o -L/opt/rocm-6.1.1/lib/llvm/bin/../../../lib -rpath /opt/rocm-6.1.1/lib/llvm/bin/../../../lib -lamdhip64 -lstdc++ -lm -lomp -rpath /opt/rocm-6.1.1/lib/llvm/bin/../lib -L/opt/rocm-6.1.1/lib/llvm/lib /opt/rocm-6.1.1/lib/llvm/lib/clang/17/lib/linux/libclang_rt.builtins-x86_64.a -lgcc_s -lpthread -lc /opt/rocm-6.1.1/lib/llvm/lib/clang/17/lib/linux/libclang_rt.builtins-x86_64.a -lgcc_s /opt/rocm-6.1.1/lib/llvm/lib/clang/17/lib/linux/clang_rt.crtend-x86_64.o /lib/../lib64/crtn.o
gmake[1]: Leaving directory '/usr/WS2/holger/magma/build_hip/CMakeFiles/CMakeTmp'



Parsed C OpenMP implicit link information from above output:
  link line regex: [^( *|.*[/\])(ld\.lld|CMAKE_LINK_STARTFILE-NOTFOUND|([^/\]+-)?ld|collect2)[^/\]*( |$)]
  ignore line: [Change Dir: /g/g0/holger/workspace/magma/build_hip/CMakeFiles/CMakeTmp]
  ignore line: []
  ignore line: [Run Build Command(s):/usr/bin/gmake -f Makefile cmTC_ad5da/fast && /usr/bin/gmake  -f CMakeFiles/cmTC_ad5da.dir/build.make CMakeFiles/cmTC_ad5da.dir/build]
  ignore line: [gmake[1]: Entering directory '/usr/WS2/holger/magma/build_hip/CMakeFiles/CMakeTmp']
  ignore line: [Building C object CMakeFiles/cmTC_ad5da.dir/OpenMPTryFlag.c.o]
  ignore line: [/opt/rocm-6.1.1/bin/hipcc   -std=c99   -DADD_ -fopenmp=libomp -v -MD -MT CMakeFiles/cmTC_ad5da.dir/OpenMPTryFlag.c.o -MF CMakeFiles/cmTC_ad5da.dir/OpenMPTryFlag.c.o.d -o CMakeFiles/cmTC_ad5da.dir/OpenMPTryFlag.c.o -c /g/g0/holger/workspace/magma/build_hip/CMakeFiles/FindOpenMP/OpenMPTryFlag.c]
  ignore line: [AMD clang version 17.0.0 (https://github.com/RadeonOpenCompute/llvm-project roc-6.1.1 24154 f53cd7e03908085f4932f7329464cd446426436a)]
  ignore line: [Target: x86_64-unknown-linux-gnu]
  ignore line: [Thread model: posix]
  ignore line: [InstalledDir: /opt/rocm-6.1.1/llvm/bin]
  ignore line: [Configuration file: /opt/rocm-6.1.1/lib/llvm/bin/clang.cfg]
  ignore line: [Found candidate GCC installation: /opt/rh/gcc-toolset-12/root/usr/lib/gcc/x86_64-redhat-linux/12]
  ignore line: [Selected GCC installation: /opt/rh/gcc-toolset-12/root/usr/lib/gcc/x86_64-redhat-linux/12]
  ignore line: [Candidate multilib: .]
  ignore line: [@m64]
  ignore line: [Candidate multilib: 32]
  ignore line: [@m32]
  ignore line: [Selected multilib: .]
  ignore line: [@m64]
  ignore line: [Found HIP installation: /opt/rocm-6.1.1/lib/llvm/bin/../../..  version 6.1.40092]
  ignore line: [ (in-process)]
  ignore line: [ "/opt/rocm-6.1.1/lib/llvm/bin/clang-17" -cc1 -triple x86_64-unknown-linux-gnu -emit-obj -disable-free -clear-ast-before-backend -disable-llvm-verifier -discard-value-names -main-file-name OpenMPTryFlag.c -mrelocation-model static -mframe-pointer=none -fmath-errno -ffp-contract=on -fno-rounding-math -mconstructor-aliases -funwind-tables=2 -target-cpu x86-64 -tune-cpu generic -debugger-tuning=gdb -v -fcoverage-compilation-dir=/usr/WS2/holger/magma/build_hip/CMakeFiles/CMakeTmp -resource-dir /opt/rocm-6.1.1/lib/llvm/lib/clang/17 -dependency-file CMakeFiles/cmTC_ad5da.dir/OpenMPTryFlag.c.o.d -MT CMakeFiles/cmTC_ad5da.dir/OpenMPTryFlag.c.o -sys-header-deps -canonical-system-headers -I /opt/rocm-6.1.1/lib/llvm/bin/../include -isystem /opt/rocm-6.1.1/include -D ADD_ -I/usr/tce/packages/python/python-3.9.12/include/python3.9 -internal-isystem /opt/rocm-6.1.1/lib/llvm/lib/clang/17/include -internal-isystem /usr/local/include -internal-isystem /opt/rh/gcc-toolset-12/root/usr/lib/gcc/x86_64-redhat-linux/12/../../../../x86_64-redhat-linux/include -internal-externc-isystem /include -internal-externc-isystem /usr/include -O3 -std=c99 -fdebug-compilation-dir=/usr/WS2/holger/magma/build_hip/CMakeFiles/CMakeTmp -ferror-limit 19 -fopenmp -fno-openmp-target-fast -fno-openmp-target-ignore-env-vars -fopenmp-target-big-jump-loop -fopenmp-target-no-loop -fopenmp-target-xteam-reduction -fopenmp-target-new-runtime -fno-openmp-assume-no-thread-state -fno-openmp-assume-no-nested-parallelism -fgnuc-version=4.2.1 -vectorize-loops -vectorize-slp -faddrsig -D__GCC_HAVE_DWARF2_CFI_ASM=1 -o CMakeFiles/cmTC_ad5da.dir/OpenMPTryFlag.c.o -x c /g/g0/holger/workspace/magma/build_hip/CMakeFiles/FindOpenMP/OpenMPTryFlag.c]
  ignore line: [clang -cc1 version 17.0.0 based upon LLVM 17.0.0git default target x86_64-unknown-linux-gnu]
  ignore line: [ignoring nonexistent directory "/opt/rh/gcc-toolset-12/root/usr/lib/gcc/x86_64-redhat-linux/12/../../../../x86_64-redhat-linux/include"]
  ignore line: [ignoring nonexistent directory "/include"]
  ignore line: [#include "..." search starts here:]
  ignore line: [#include <...> search starts here:]
  ignore line: [ /opt/rocm-6.1.1/lib/llvm/bin/../include]
  ignore line: [ /usr/tce/packages/python/python-3.9.12/include/python3.9]
  ignore line: [ /opt/rocm-6.1.1/include]
  ignore line: [ /opt/rocm-6.1.1/lib/llvm/lib/clang/17/include]
  ignore line: [ /usr/local/include]
  ignore line: [ /usr/include]
  ignore line: [End of search list.]
  ignore line: [Linking C executable cmTC_ad5da]
  ignore line: [/usr/tce/backend/installations/linux-rhel8-x86_64/gcc-8.3.1/cmake-3.24.2-ywx52e32uh6gkxzuyubpwkulzgdvxyh6/bin/cmake -E cmake_link_script CMakeFiles/cmTC_ad5da.dir/link.txt --verbose=1]
  ignore line: [/opt/rocm-6.1.1/bin/hipcc  -std=c99   -DADD_ -fopenmp=libomp -v CMakeFiles/cmTC_ad5da.dir/OpenMPTryFlag.c.o -o cmTC_ad5da  -v ]
  ignore line: [AMD clang version 17.0.0 (https://github.com/RadeonOpenCompute/llvm-project roc-6.1.1 24154 f53cd7e03908085f4932f7329464cd446426436a)]
  ignore line: [Target: x86_64-unknown-linux-gnu]
  ignore line: [Thread model: posix]
  ignore line: [InstalledDir: /opt/rocm-6.1.1/llvm/bin]
  ignore line: [Configuration file: /opt/rocm-6.1.1/lib/llvm/bin/clang++.cfg]
  ignore line: [Found candidate GCC installation: /opt/rh/gcc-toolset-12/root/usr/lib/gcc/x86_64-redhat-linux/12]
  ignore line: [Selected GCC installation: /opt/rh/gcc-toolset-12/root/usr/lib/gcc/x86_64-redhat-linux/12]
  ignore line: [Candidate multilib: .]
  ignore line: [@m64]
  ignore line: [Candidate multilib: 32]
  ignore line: [@m32]
  ignore line: [Selected multilib: .]
  ignore line: [@m64]
  ignore line: [Found HIP installation: /opt/rocm-6.1.1/lib/llvm/bin/../../..  version 6.1.40092]
  link line: [ "/opt/rocm-6.1.1/llvm/bin/ld.lld" --hash-style=gnu --eh-frame-hdr -m elf_x86_64 -dynamic-linker /lib64/ld-linux-x86-64.so.2 -o cmTC_ad5da /lib/../lib64/crt1.o /lib/../lib64/crti.o /opt/rocm-6.1.1/lib/llvm/lib/clang/17/lib/linux/clang_rt.crtbegin-x86_64.o -L/opt/rh/gcc-toolset-12/root/usr/lib/gcc/x86_64-redhat-linux/12 -L/opt/rh/gcc-toolset-12/root/usr/lib/gcc/x86_64-redhat-linux/12/../../../../lib64 -L/lib/../lib64 -L/usr/lib/../lib64 -L/lib -L/usr/lib --disable-new-dtags CMakeFiles/cmTC_ad5da.dir/OpenMPTryFlag.c.o -L/opt/rocm-6.1.1/lib/llvm/bin/../../../lib -rpath /opt/rocm-6.1.1/lib/llvm/bin/../../../lib -lamdhip64 -lstdc++ -lm -lomp -rpath /opt/rocm-6.1.1/lib/llvm/bin/../lib -L/opt/rocm-6.1.1/lib/llvm/lib /opt/rocm-6.1.1/lib/llvm/lib/clang/17/lib/linux/libclang_rt.builtins-x86_64.a -lgcc_s -lpthread -lc /opt/rocm-6.1.1/lib/llvm/lib/clang/17/lib/linux/libclang_rt.builtins-x86_64.a -lgcc_s /opt/rocm-6.1.1/lib/llvm/lib/clang/17/lib/linux/clang_rt.crtend-x86_64.o /lib/../lib64/crtn.o]
    arg [/opt/rocm-6.1.1/llvm/bin/ld.lld] ==> ignore
    arg [--hash-style=gnu] ==> ignore
    arg [--eh-frame-hdr] ==> ignore
    arg [-m] ==> ignore
    arg [elf_x86_64] ==> ignore
    arg [-dynamic-linker] ==> ignore
    arg [/lib64/ld-linux-x86-64.so.2] ==> ignore
    arg [-o] ==> ignore
    arg [cmTC_ad5da] ==> ignore
    arg [-L/opt/rh/gcc-toolset-12/root/usr/lib/gcc/x86_64-redhat-linux/12] ==> dir [/opt/rh/gcc-toolset-12/root/usr/lib/gcc/x86_64-redhat-linux/12]
    arg [-L/opt/rh/gcc-toolset-12/root/usr/lib/gcc/x86_64-redhat-linux/12/../../../../lib64] ==> dir [/opt/rh/gcc-toolset-12/root/usr/lib/gcc/x86_64-redhat-linux/12/../../../../lib64]
    arg [-L/lib/../lib64] ==> dir [/lib/../lib64]
    arg [-L/usr/lib/../lib64] ==> dir [/usr/lib/../lib64]
    arg [-L/lib] ==> dir [/lib]
    arg [-L/usr/lib] ==> dir [/usr/lib]
    arg [--disable-new-dtags] ==> ignore
    arg [CMakeFiles/cmTC_ad5da.dir/OpenMPTryFlag.c.o] ==> ignore
    arg [-L/opt/rocm-6.1.1/lib/llvm/bin/../../../lib] ==> dir [/opt/rocm-6.1.1/lib/llvm/bin/../../../lib]
    arg [-rpath] ==> ignore
    arg [/opt/rocm-6.1.1/lib/llvm/bin/../../../lib] ==> ignore
    arg [-lamdhip64] ==> lib [amdhip64]
    arg [-lstdc++] ==> lib [stdc++]
    arg [-lm] ==> lib [m]
    arg [-lomp] ==> lib [omp]
    arg [-rpath] ==> ignore
    arg [/opt/rocm-6.1.1/lib/llvm/bin/../lib] ==> ignore
    arg [-L/opt/rocm-6.1.1/lib/llvm/lib] ==> dir [/opt/rocm-6.1.1/lib/llvm/lib]
    arg [/opt/rocm-6.1.1/lib/llvm/lib/clang/17/lib/linux/libclang_rt.builtins-x86_64.a] ==> lib [/opt/rocm-6.1.1/lib/llvm/lib/clang/17/lib/linux/libclang_rt.builtins-x86_64.a]
    arg [-lgcc_s] ==> lib [gcc_s]
    arg [-lpthread] ==> lib [pthread]
    arg [-lc] ==> lib [c]
    arg [/opt/rocm-6.1.1/lib/llvm/lib/clang/17/lib/linux/libclang_rt.builtins-x86_64.a] ==> lib [/opt/rocm-6.1.1/lib/llvm/lib/clang/17/lib/linux/libclang_rt.builtins-x86_64.a]
    arg [-lgcc_s] ==> lib [gcc_s]
  remove lib [/opt/rocm-6.1.1/lib/llvm/lib/clang/17/lib/linux/libclang_rt.builtins-x86_64.a]
  remove lib [/opt/rocm-6.1.1/lib/llvm/lib/clang/17/lib/linux/libclang_rt.builtins-x86_64.a]
  collapse library dir [/opt/rh/gcc-toolset-12/root/usr/lib/gcc/x86_64-redhat-linux/12] ==> [/opt/rh/gcc-toolset-12/root/usr/lib/gcc/x86_64-redhat-linux/12]
  collapse library dir [/opt/rh/gcc-toolset-12/root/usr/lib/gcc/x86_64-redhat-linux/12/../../../../lib64] ==> [/opt/rh/gcc-toolset-12/root/usr/lib64]
  collapse library dir [/lib/../lib64] ==> [/lib64]
  collapse library dir [/usr/lib/../lib64] ==> [/usr/lib64]
  collapse library dir [/lib] ==> [/lib]
  collapse library dir [/usr/lib] ==> [/usr/lib]
  collapse library dir [/opt/rocm-6.1.1/lib/llvm/bin/../../../lib] ==> [/opt/rocm-6.1.1/lib]
  collapse library dir [/opt/rocm-6.1.1/lib/llvm/lib] ==> [/opt/rocm-6.1.1/lib/llvm/lib]
  implicit libs: [amdhip64;stdc++;m;omp;gcc_s;pthread;c;gcc_s]
  implicit objs: []
  implicit dirs: [/opt/rh/gcc-toolset-12/root/usr/lib/gcc/x86_64-redhat-linux/12;/opt/rh/gcc-toolset-12/root/usr/lib64;/lib64;/usr/lib64;/lib;/usr/lib;/opt/rocm-6.1.1/lib;/opt/rocm-6.1.1/lib/llvm/lib]
  implicit fwks: []


Detecting CXX OpenMP compiler ABI info compiled with the following output:
Change Dir: /g/g0/holger/workspace/magma/build_hip/CMakeFiles/CMakeTmp

Run Build Command(s):/usr/bin/gmake -f Makefile cmTC_11e13/fast && /usr/bin/gmake  -f CMakeFiles/cmTC_11e13.dir/build.make CMakeFiles/cmTC_11e13.dir/build
gmake[1]: Entering directory '/usr/WS2/holger/magma/build_hip/CMakeFiles/CMakeTmp'
Building CXX object CMakeFiles/cmTC_11e13.dir/OpenMPTryFlag.cpp.o
/opt/rocm-6.1.1/bin/hipcc   -std=c++11 -DADD_ -fopenmp=libomp -v -MD -MT CMakeFiles/cmTC_11e13.dir/OpenMPTryFlag.cpp.o -MF CMakeFiles/cmTC_11e13.dir/OpenMPTryFlag.cpp.o.d -o CMakeFiles/cmTC_11e13.dir/OpenMPTryFlag.cpp.o -c /g/g0/holger/workspace/magma/build_hip/CMakeFiles/FindOpenMP/OpenMPTryFlag.cpp
AMD clang version 17.0.0 (https://github.com/RadeonOpenCompute/llvm-project roc-6.1.1 24154 f53cd7e03908085f4932f7329464cd446426436a)
Target: x86_64-unknown-linux-gnu
Thread model: posix
InstalledDir: /opt/rocm-6.1.1/llvm/bin
Configuration file: /opt/rocm-6.1.1/lib/llvm/bin/clang.cfg
Found candidate GCC installation: /opt/rh/gcc-toolset-12/root/usr/lib/gcc/x86_64-redhat-linux/12
Selected GCC installation: /opt/rh/gcc-toolset-12/root/usr/lib/gcc/x86_64-redhat-linux/12
Candidate multilib: .;@m64
Candidate multilib: 32;@m32
Selected multilib: .;@m64
Found HIP installation: /opt/rocm-6.1.1/lib/llvm/bin/../../.., version 6.1.40092
 "/opt/rocm-6.1.1/lib/llvm/bin/clang-17" -cc1 -triple amdgcn-amd-amdhsa -aux-triple x86_64-unknown-linux-gnu -emit-obj -disable-free -clear-ast-before-backend -disable-llvm-verifier -discard-value-names -main-file-name OpenMPTryFlag.cpp -mrelocation-model pic -pic-level 2 -fhalf-no-semantic-interposition -mframe-pointer=none -fno-rounding-math -mconstructor-aliases -aux-target-cpu x86-64 -fcuda-is-device -mllvm -amdgpu-internalize-symbols -fcuda-allow-variadic-functions -fvisibility=hidden -fapply-global-visibility-to-externs -mlink-builtin-bitcode /opt/rocm-6.1.1/lib/llvm/lib/clang/17/lib/amdgcn/bitcode/hip.bc -mlink-builtin-bitcode /opt/rocm-6.1.1/lib/llvm/lib/clang/17/lib/amdgcn/bitcode/ocml.bc -mlink-builtin-bitcode /opt/rocm-6.1.1/lib/llvm/lib/clang/17/lib/amdgcn/bitcode/ockl.bc -mlink-builtin-bitcode /opt/rocm-6.1.1/lib/llvm/lib/clang/17/lib/amdgcn/bitcode/oclc_daz_opt_off.bc -mlink-builtin-bitcode /opt/rocm-6.1.1/lib/llvm/lib/clang/17/lib/amdgcn/bitcode/oclc_unsafe_math_off.bc -mlink-builtin-bitcode /opt/rocm-6.1.1/lib/llvm/lib/clang/17/lib/amdgcn/bitcode/oclc_finite_only_off.bc -mlink-builtin-bitcode /opt/rocm-6.1.1/lib/llvm/lib/clang/17/lib/amdgcn/bitcode/oclc_correctly_rounded_sqrt_on.bc -mlink-builtin-bitcode /opt/rocm-6.1.1/lib/llvm/lib/clang/17/lib/amdgcn/bitcode/oclc_wavefrontsize64_on.bc -mlink-builtin-bitcode /opt/rocm-6.1.1/lib/llvm/lib/clang/17/lib/amdgcn/bitcode/oclc_isa_version_90a.bc -mlink-builtin-bitcode /opt/rocm-6.1.1/lib/llvm/lib/clang/17/lib/amdgcn/bitcode/oclc_abi_version_500.bc -target-cpu gfx90a -debugger-tuning=gdb -v -resource-dir /opt/rocm-6.1.1/lib/llvm/lib/clang/17 -dependency-file CMakeFiles/cmTC_11e13.dir/OpenMPTryFlag.cpp.o.d -MT CMakeFiles/cmTC_11e13.dir/OpenMPTryFlag.cpp.o -sys-header-deps -canonical-system-headers -internal-isystem /opt/rocm-6.1.1/lib/llvm/lib/clang/17/include/cuda_wrappers -idirafter /opt/rocm-6.1.1/lib/llvm/bin/../../../include -include __clang_hip_runtime_wrapper.h -I /opt/rocm-6.1.1/lib/llvm/bin/../include -isystem /opt/rocm-6.1.1/include -D ADD_ -I/usr/tce/packages/python/python-3.9.12/include/python3.9 -internal-isystem /opt/rh/gcc-toolset-12/root/usr/lib/gcc/x86_64-redhat-linux/12/../../../../include/c++/12 -internal-isystem /opt/rh/gcc-toolset-12/root/usr/lib/gcc/x86_64-redhat-linux/12/../../../../include/c++/12/x86_64-redhat-linux -internal-isystem /opt/rh/gcc-toolset-12/root/usr/lib/gcc/x86_64-redhat-linux/12/../../../../include/c++/12/backward -internal-isystem /opt/rh/gcc-toolset-12/root/usr/lib/gcc/x86_64-redhat-linux/12/../../../../include/c++/12 -internal-isystem /opt/rh/gcc-toolset-12/root/usr/lib/gcc/x86_64-redhat-linux/12/../../../../include/c++/12/x86_64-redhat-linux -internal-isystem /opt/rh/gcc-toolset-12/root/usr/lib/gcc/x86_64-redhat-linux/12/../../../../include/c++/12/backward -internal-isystem /opt/rocm-6.1.1/lib/llvm/lib/clang/17/include -internal-isystem /usr/local/include -internal-isystem /opt/rh/gcc-toolset-12/root/usr/lib/gcc/x86_64-redhat-linux/12/../../../../x86_64-redhat-linux/include -internal-externc-isystem /include -internal-externc-isystem /usr/include -internal-isystem /opt/rocm-6.1.1/lib/llvm/lib/clang/17/include -internal-isystem /usr/local/include -internal-isystem /opt/rh/gcc-toolset-12/root/usr/lib/gcc/x86_64-redhat-linux/12/../../../../x86_64-redhat-linux/include -internal-externc-isystem /include -internal-externc-isystem /usr/include -O3 -std=c++11 -fdeprecated-macro -fno-autolink -fdebug-compilation-dir=/usr/WS2/holger/magma/build_hip/CMakeFiles/CMakeTmp -ferror-limit 19 -fhip-new-launch-api -fgnuc-version=4.2.1 -fcxx-exceptions -fexceptions -vectorize-loops -vectorize-slp -mllvm -amdgpu-early-inline-all=true -mllvm -amdgpu-function-calls=false -cuid=1b88228a81bd9960 -fcuda-allow-variadic-functions -faddrsig -D__GCC_HAVE_DWARF2_CFI_ASM=1 -o /var/tmp/holger/OpenMPTryFlag-gfx90a-23b251.o -x hip /g/g0/holger/workspace/magma/build_hip/CMakeFiles/FindOpenMP/OpenMPTryFlag.cpp
clang -cc1 version 17.0.0 based upon LLVM 17.0.0git default target x86_64-unknown-linux-gnu
ignoring nonexistent directory "/opt/rh/gcc-toolset-12/root/usr/lib/gcc/x86_64-redhat-linux/12/../../../../x86_64-redhat-linux/include"
ignoring nonexistent directory "/include"
ignoring nonexistent directory "/opt/rh/gcc-toolset-12/root/usr/lib/gcc/x86_64-redhat-linux/12/../../../../x86_64-redhat-linux/include"
ignoring nonexistent directory "/include"
ignoring duplicate directory "/opt/rh/gcc-toolset-12/root/usr/lib/gcc/x86_64-redhat-linux/12/../../../../include/c++/12"
ignoring duplicate directory "/opt/rh/gcc-toolset-12/root/usr/lib/gcc/x86_64-redhat-linux/12/../../../../include/c++/12/x86_64-redhat-linux"
ignoring duplicate directory "/opt/rh/gcc-toolset-12/root/usr/lib/gcc/x86_64-redhat-linux/12/../../../../include/c++/12/backward"
ignoring duplicate directory "/opt/rocm-6.1.1/lib/llvm/lib/clang/17/include"
ignoring duplicate directory "/usr/local/include"
ignoring duplicate directory "/usr/include"
ignoring duplicate directory "/usr/local/include"
ignoring duplicate directory "/opt/rocm-6.1.1/lib/llvm/lib/clang/17/include"
ignoring duplicate directory "/usr/include"
ignoring duplicate directory "/opt/rocm-6.1.1/lib/llvm/bin/../../../include"
#include "..." search starts here:
#include <...> search starts here:
 /opt/rocm-6.1.1/lib/llvm/bin/../include
 /usr/tce/packages/python/python-3.9.12/include/python3.9
 /opt/rocm-6.1.1/include
 /opt/rocm-6.1.1/lib/llvm/lib/clang/17/include/cuda_wrappers
 /opt/rh/gcc-toolset-12/root/usr/lib/gcc/x86_64-redhat-linux/12/../../../../include/c++/12
 /opt/rh/gcc-toolset-12/root/usr/lib/gcc/x86_64-redhat-linux/12/../../../../include/c++/12/x86_64-redhat-linux
 /opt/rh/gcc-toolset-12/root/usr/lib/gcc/x86_64-redhat-linux/12/../../../../include/c++/12/backward
 /opt/rocm-6.1.1/lib/llvm/lib/clang/17/include
 /usr/local/include
 /usr/include
End of search list.
 "/opt/rocm-6.1.1/llvm/bin/lld" -flavor gnu -m elf64_amdgpu --no-undefined -shared -plugin-opt=-amdgpu-internalize-symbols -plugin-opt=mcpu=gfx90a -plugin-opt=O3 --lto-CGO3 --whole-archive -o /var/tmp/holger/OpenMPTryFlag-gfx90a-efd73f.out /var/tmp/holger/OpenMPTryFlag-gfx90a-23b251.o --no-whole-archive
 "/opt/rocm-6.1.1/llvm/bin/clang-offload-bundler" -type=o -bundle-align=4096 -targets=host-x86_64-unknown-linux,hipv4-amdgcn-amd-amdhsa--gfx90a -input=/dev/null -input=/var/tmp/holger/OpenMPTryFlag-gfx90a-efd73f.out -output=/var/tmp/holger/OpenMPTryFlag-6ec326.hipfb
 "/opt/rocm-6.1.1/lib/llvm/bin/clang-17" -cc1 -triple x86_64-unknown-linux-gnu -aux-triple amdgcn-amd-amdhsa -emit-obj -disable-free -clear-ast-before-backend -disable-llvm-verifier -discard-value-names -main-file-name OpenMPTryFlag.cpp -mrelocation-model static -mframe-pointer=none -fmath-errno -fno-rounding-math -mconstructor-aliases -funwind-tables=2 -target-cpu x86-64 -tune-cpu generic -debugger-tuning=gdb -v -fcoverage-compilation-dir=/usr/WS2/holger/magma/build_hip/CMakeFiles/CMakeTmp -resource-dir /opt/rocm-6.1.1/lib/llvm/lib/clang/17 -dependency-file CMakeFiles/cmTC_11e13.dir/OpenMPTryFlag.cpp.o.d -MT CMakeFiles/cmTC_11e13.dir/OpenMPTryFlag.cpp.o -sys-header-deps -canonical-system-headers -internal-isystem /opt/rocm-6.1.1/lib/llvm/lib/clang/17/include/cuda_wrappers -idirafter /opt/rocm-6.1.1/lib/llvm/bin/../../../include -include __clang_hip_runtime_wrapper.h -I /opt/rocm-6.1.1/lib/llvm/bin/../include -isystem /opt/rocm-6.1.1/include -D ADD_ -I/usr/tce/packages/python/python-3.9.12/include/python3.9 -internal-isystem /opt/rh/gcc-toolset-12/root/usr/lib/gcc/x86_64-redhat-linux/12/../../../../include/c++/12 -internal-isystem /opt/rh/gcc-toolset-12/root/usr/lib/gcc/x86_64-redhat-linux/12/../../../../include/c++/12/x86_64-redhat-linux -internal-isystem /opt/rh/gcc-toolset-12/root/usr/lib/gcc/x86_64-redhat-linux/12/../../../../include/c++/12/backward -internal-isystem /opt/rh/gcc-toolset-12/root/usr/lib/gcc/x86_64-redhat-linux/12/../../../../include/c++/12 -internal-isystem /opt/rh/gcc-toolset-12/root/usr/lib/gcc/x86_64-redhat-linux/12/../../../../include/c++/12/x86_64-redhat-linux -internal-isystem /opt/rh/gcc-toolset-12/root/usr/lib/gcc/x86_64-redhat-linux/12/../../../../include/c++/12/backward -internal-isystem /opt/rocm-6.1.1/lib/llvm/lib/clang/17/include -internal-isystem /usr/local/include -internal-isystem /opt/rh/gcc-toolset-12/root/usr/lib/gcc/x86_64-redhat-linux/12/../../../../x86_64-redhat-linux/include -internal-externc-isystem /include -internal-externc-isystem /usr/include -internal-isystem /opt/rocm-6.1.1/lib/llvm/lib/clang/17/include -internal-isystem /usr/local/include -internal-isystem /opt/rh/gcc-toolset-12/root/usr/lib/gcc/x86_64-redhat-linux/12/../../../../x86_64-redhat-linux/include -internal-externc-isystem /include -internal-externc-isystem /usr/include -O3 -std=c++11 -fdeprecated-macro -fdebug-compilation-dir=/usr/WS2/holger/magma/build_hip/CMakeFiles/CMakeTmp -ferror-limit 19 -fopenmp -fno-openmp-target-fast -fno-openmp-target-ignore-env-vars -fopenmp-target-big-jump-loop -fopenmp-target-no-loop -fopenmp-target-xteam-reduction -fopenmp-target-new-runtime -fno-openmp-assume-no-thread-state -fno-openmp-assume-no-nested-parallelism -fhip-new-launch-api -fgnuc-version=4.2.1 -fcxx-exceptions -fexceptions -vectorize-loops -vectorize-slp -mllvm -amdgpu-early-inline-all=true -mllvm -amdgpu-function-calls=false -fcuda-include-gpubinary /var/tmp/holger/OpenMPTryFlag-6ec326.hipfb -cuid=1b88228a81bd9960 -fcuda-allow-variadic-functions -faddrsig -D__GCC_HAVE_DWARF2_CFI_ASM=1 -o CMakeFiles/cmTC_11e13.dir/OpenMPTryFlag.cpp.o -x hip /g/g0/holger/workspace/magma/build_hip/CMakeFiles/FindOpenMP/OpenMPTryFlag.cpp
clang -cc1 version 17.0.0 based upon LLVM 17.0.0git default target x86_64-unknown-linux-gnu
ignoring nonexistent directory "/opt/rh/gcc-toolset-12/root/usr/lib/gcc/x86_64-redhat-linux/12/../../../../x86_64-redhat-linux/include"
ignoring nonexistent directory "/include"
ignoring nonexistent directory "/opt/rh/gcc-toolset-12/root/usr/lib/gcc/x86_64-redhat-linux/12/../../../../x86_64-redhat-linux/include"
ignoring nonexistent directory "/include"
ignoring duplicate directory "/opt/rh/gcc-toolset-12/root/usr/lib/gcc/x86_64-redhat-linux/12/../../../../include/c++/12"
ignoring duplicate directory "/opt/rh/gcc-toolset-12/root/usr/lib/gcc/x86_64-redhat-linux/12/../../../../include/c++/12/x86_64-redhat-linux"
ignoring duplicate directory "/opt/rh/gcc-toolset-12/root/usr/lib/gcc/x86_64-redhat-linux/12/../../../../include/c++/12/backward"
ignoring duplicate directory "/opt/rocm-6.1.1/lib/llvm/lib/clang/17/include"
ignoring duplicate directory "/usr/local/include"
ignoring duplicate directory "/usr/include"
ignoring duplicate directory "/opt/rocm-6.1.1/lib/llvm/bin/../../../include"
#include "..." search starts here:
#include <...> search starts here:
 /opt/rocm-6.1.1/lib/llvm/bin/../include
 /usr/tce/packages/python/python-3.9.12/include/python3.9
 /opt/rocm-6.1.1/include
 /opt/rocm-6.1.1/lib/llvm/lib/clang/17/include/cuda_wrappers
 /opt/rh/gcc-toolset-12/root/usr/lib/gcc/x86_64-redhat-linux/12/../../../../include/c++/12
 /opt/rh/gcc-toolset-12/root/usr/lib/gcc/x86_64-redhat-linux/12/../../../../include/c++/12/x86_64-redhat-linux
 /opt/rh/gcc-toolset-12/root/usr/lib/gcc/x86_64-redhat-linux/12/../../../../include/c++/12/backward
 /opt/rocm-6.1.1/lib/llvm/lib/clang/17/include
 /usr/local/include
 /usr/include
End of search list.
Linking CXX executable cmTC_11e13
/usr/tce/backend/installations/linux-rhel8-x86_64/gcc-8.3.1/cmake-3.24.2-ywx52e32uh6gkxzuyubpwkulzgdvxyh6/bin/cmake -E cmake_link_script CMakeFiles/cmTC_11e13.dir/link.txt --verbose=1
/opt/rocm-6.1.1/bin/hipcc  -std=c++11 -DADD_ -fopenmp=libomp -v CMakeFiles/cmTC_11e13.dir/OpenMPTryFlag.cpp.o -o cmTC_11e13  -v 
AMD clang version 17.0.0 (https://github.com/RadeonOpenCompute/llvm-project roc-6.1.1 24154 f53cd7e03908085f4932f7329464cd446426436a)
Target: x86_64-unknown-linux-gnu
Thread model: posix
InstalledDir: /opt/rocm-6.1.1/llvm/bin
Configuration file: /opt/rocm-6.1.1/lib/llvm/bin/clang++.cfg
Found candidate GCC installation: /opt/rh/gcc-toolset-12/root/usr/lib/gcc/x86_64-redhat-linux/12
Selected GCC installation: /opt/rh/gcc-toolset-12/root/usr/lib/gcc/x86_64-redhat-linux/12
Candidate multilib: .;@m64
Candidate multilib: 32;@m32
Selected multilib: .;@m64
Found HIP installation: /opt/rocm-6.1.1/lib/llvm/bin/../../.., version 6.1.40092
 "/opt/rocm-6.1.1/llvm/bin/ld.lld" --hash-style=gnu --eh-frame-hdr -m elf_x86_64 -dynamic-linker /lib64/ld-linux-x86-64.so.2 -o cmTC_11e13 /lib/../lib64/crt1.o /lib/../lib64/crti.o /opt/rocm-6.1.1/lib/llvm/lib/clang/17/lib/linux/clang_rt.crtbegin-x86_64.o -L/opt/rh/gcc-toolset-12/root/usr/lib/gcc/x86_64-redhat-linux/12 -L/opt/rh/gcc-toolset-12/root/usr/lib/gcc/x86_64-redhat-linux/12/../../../../lib64 -L/lib/../lib64 -L/usr/lib/../lib64 -L/lib -L/usr/lib --disable-new-dtags CMakeFiles/cmTC_11e13.dir/OpenMPTryFlag.cpp.o -L/opt/rocm-6.1.1/lib/llvm/bin/../../../lib -rpath /opt/rocm-6.1.1/lib/llvm/bin/../../../lib -lamdhip64 -lstdc++ -lm -lomp -rpath /opt/rocm-6.1.1/lib/llvm/bin/../lib -L/opt/rocm-6.1.1/lib/llvm/lib /opt/rocm-6.1.1/lib/llvm/lib/clang/17/lib/linux/libclang_rt.builtins-x86_64.a -lgcc_s -lpthread -lc /opt/rocm-6.1.1/lib/llvm/lib/clang/17/lib/linux/libclang_rt.builtins-x86_64.a -lgcc_s /opt/rocm-6.1.1/lib/llvm/lib/clang/17/lib/linux/clang_rt.crtend-x86_64.o /lib/../lib64/crtn.o
gmake[1]: Leaving directory '/usr/WS2/holger/magma/build_hip/CMakeFiles/CMakeTmp'



Parsed CXX OpenMP implicit link information from above output:
  link line regex: [^( *|.*[/\])(ld\.lld|CMAKE_LINK_STARTFILE-NOTFOUND|([^/\]+-)?ld|collect2)[^/\]*( |$)]
  ignore line: [Change Dir: /g/g0/holger/workspace/magma/build_hip/CMakeFiles/CMakeTmp]
  ignore line: []
  ignore line: [Run Build Command(s):/usr/bin/gmake -f Makefile cmTC_11e13/fast && /usr/bin/gmake  -f CMakeFiles/cmTC_11e13.dir/build.make CMakeFiles/cmTC_11e13.dir/build]
  ignore line: [gmake[1]: Entering directory '/usr/WS2/holger/magma/build_hip/CMakeFiles/CMakeTmp']
  ignore line: [Building CXX object CMakeFiles/cmTC_11e13.dir/OpenMPTryFlag.cpp.o]
  ignore line: [/opt/rocm-6.1.1/bin/hipcc   -std=c++11 -DADD_ -fopenmp=libomp -v -MD -MT CMakeFiles/cmTC_11e13.dir/OpenMPTryFlag.cpp.o -MF CMakeFiles/cmTC_11e13.dir/OpenMPTryFlag.cpp.o.d -o CMakeFiles/cmTC_11e13.dir/OpenMPTryFlag.cpp.o -c /g/g0/holger/workspace/magma/build_hip/CMakeFiles/FindOpenMP/OpenMPTryFlag.cpp]
  ignore line: [AMD clang version 17.0.0 (https://github.com/RadeonOpenCompute/llvm-project roc-6.1.1 24154 f53cd7e03908085f4932f7329464cd446426436a)]
  ignore line: [Target: x86_64-unknown-linux-gnu]
  ignore line: [Thread model: posix]
  ignore line: [InstalledDir: /opt/rocm-6.1.1/llvm/bin]
  ignore line: [Configuration file: /opt/rocm-6.1.1/lib/llvm/bin/clang.cfg]
  ignore line: [Found candidate GCC installation: /opt/rh/gcc-toolset-12/root/usr/lib/gcc/x86_64-redhat-linux/12]
  ignore line: [Selected GCC installation: /opt/rh/gcc-toolset-12/root/usr/lib/gcc/x86_64-redhat-linux/12]
  ignore line: [Candidate multilib: .]
  ignore line: [@m64]
  ignore line: [Candidate multilib: 32]
  ignore line: [@m32]
  ignore line: [Selected multilib: .]
  ignore line: [@m64]
  ignore line: [Found HIP installation: /opt/rocm-6.1.1/lib/llvm/bin/../../..  version 6.1.40092]
  ignore line: [ "/opt/rocm-6.1.1/lib/llvm/bin/clang-17" -cc1 -triple amdgcn-amd-amdhsa -aux-triple x86_64-unknown-linux-gnu -emit-obj -disable-free -clear-ast-before-backend -disable-llvm-verifier -discard-value-names -main-file-name OpenMPTryFlag.cpp -mrelocation-model pic -pic-level 2 -fhalf-no-semantic-interposition -mframe-pointer=none -fno-rounding-math -mconstructor-aliases -aux-target-cpu x86-64 -fcuda-is-device -mllvm -amdgpu-internalize-symbols -fcuda-allow-variadic-functions -fvisibility=hidden -fapply-global-visibility-to-externs -mlink-builtin-bitcode /opt/rocm-6.1.1/lib/llvm/lib/clang/17/lib/amdgcn/bitcode/hip.bc -mlink-builtin-bitcode /opt/rocm-6.1.1/lib/llvm/lib/clang/17/lib/amdgcn/bitcode/ocml.bc -mlink-builtin-bitcode /opt/rocm-6.1.1/lib/llvm/lib/clang/17/lib/amdgcn/bitcode/ockl.bc -mlink-builtin-bitcode /opt/rocm-6.1.1/lib/llvm/lib/clang/17/lib/amdgcn/bitcode/oclc_daz_opt_off.bc -mlink-builtin-bitcode /opt/rocm-6.1.1/lib/llvm/lib/clang/17/lib/amdgcn/bitcode/oclc_unsafe_math_off.bc -mlink-builtin-bitcode /opt/rocm-6.1.1/lib/llvm/lib/clang/17/lib/amdgcn/bitcode/oclc_finite_only_off.bc -mlink-builtin-bitcode /opt/rocm-6.1.1/lib/llvm/lib/clang/17/lib/amdgcn/bitcode/oclc_correctly_rounded_sqrt_on.bc -mlink-builtin-bitcode /opt/rocm-6.1.1/lib/llvm/lib/clang/17/lib/amdgcn/bitcode/oclc_wavefrontsize64_on.bc -mlink-builtin-bitcode /opt/rocm-6.1.1/lib/llvm/lib/clang/17/lib/amdgcn/bitcode/oclc_isa_version_90a.bc -mlink-builtin-bitcode /opt/rocm-6.1.1/lib/llvm/lib/clang/17/lib/amdgcn/bitcode/oclc_abi_version_500.bc -target-cpu gfx90a -debugger-tuning=gdb -v -resource-dir /opt/rocm-6.1.1/lib/llvm/lib/clang/17 -dependency-file CMakeFiles/cmTC_11e13.dir/OpenMPTryFlag.cpp.o.d -MT CMakeFiles/cmTC_11e13.dir/OpenMPTryFlag.cpp.o -sys-header-deps -canonical-system-headers -internal-isystem /opt/rocm-6.1.1/lib/llvm/lib/clang/17/include/cuda_wrappers -idirafter /opt/rocm-6.1.1/lib/llvm/bin/../../../include -include __clang_hip_runtime_wrapper.h -I /opt/rocm-6.1.1/lib/llvm/bin/../include -isystem /opt/rocm-6.1.1/include -D ADD_ -I/usr/tce/packages/python/python-3.9.12/include/python3.9 -internal-isystem /opt/rh/gcc-toolset-12/root/usr/lib/gcc/x86_64-redhat-linux/12/../../../../include/c++/12 -internal-isystem /opt/rh/gcc-toolset-12/root/usr/lib/gcc/x86_64-redhat-linux/12/../../../../include/c++/12/x86_64-redhat-linux -internal-isystem /opt/rh/gcc-toolset-12/root/usr/lib/gcc/x86_64-redhat-linux/12/../../../../include/c++/12/backward -internal-isystem /opt/rh/gcc-toolset-12/root/usr/lib/gcc/x86_64-redhat-linux/12/../../../../include/c++/12 -internal-isystem /opt/rh/gcc-toolset-12/root/usr/lib/gcc/x86_64-redhat-linux/12/../../../../include/c++/12/x86_64-redhat-linux -internal-isystem /opt/rh/gcc-toolset-12/root/usr/lib/gcc/x86_64-redhat-linux/12/../../../../include/c++/12/backward -internal-isystem /opt/rocm-6.1.1/lib/llvm/lib/clang/17/include -internal-isystem /usr/local/include -internal-isystem /opt/rh/gcc-toolset-12/root/usr/lib/gcc/x86_64-redhat-linux/12/../../../../x86_64-redhat-linux/include -internal-externc-isystem /include -internal-externc-isystem /usr/include -internal-isystem /opt/rocm-6.1.1/lib/llvm/lib/clang/17/include -internal-isystem /usr/local/include -internal-isystem /opt/rh/gcc-toolset-12/root/usr/lib/gcc/x86_64-redhat-linux/12/../../../../x86_64-redhat-linux/include -internal-externc-isystem /include -internal-externc-isystem /usr/include -O3 -std=c++11 -fdeprecated-macro -fno-autolink -fdebug-compilation-dir=/usr/WS2/holger/magma/build_hip/CMakeFiles/CMakeTmp -ferror-limit 19 -fhip-new-launch-api -fgnuc-version=4.2.1 -fcxx-exceptions -fexceptions -vectorize-loops -vectorize-slp -mllvm -amdgpu-early-inline-all=true -mllvm -amdgpu-function-calls=false -cuid=1b88228a81bd9960 -fcuda-allow-variadic-functions -faddrsig -D__GCC_HAVE_DWARF2_CFI_ASM=1 -o /var/tmp/holger/OpenMPTryFlag-gfx90a-23b251.o -x hip /g/g0/holger/workspace/magma/build_hip/CMakeFiles/FindOpenMP/OpenMPTryFlag.cpp]
  ignore line: [clang -cc1 version 17.0.0 based upon LLVM 17.0.0git default target x86_64-unknown-linux-gnu]
  ignore line: [ignoring nonexistent directory "/opt/rh/gcc-toolset-12/root/usr/lib/gcc/x86_64-redhat-linux/12/../../../../x86_64-redhat-linux/include"]
  ignore line: [ignoring nonexistent directory "/include"]
  ignore line: [ignoring nonexistent directory "/opt/rh/gcc-toolset-12/root/usr/lib/gcc/x86_64-redhat-linux/12/../../../../x86_64-redhat-linux/include"]
  ignore line: [ignoring nonexistent directory "/include"]
  ignore line: [ignoring duplicate directory "/opt/rh/gcc-toolset-12/root/usr/lib/gcc/x86_64-redhat-linux/12/../../../../include/c++/12"]
  ignore line: [ignoring duplicate directory "/opt/rh/gcc-toolset-12/root/usr/lib/gcc/x86_64-redhat-linux/12/../../../../include/c++/12/x86_64-redhat-linux"]
  ignore line: [ignoring duplicate directory "/opt/rh/gcc-toolset-12/root/usr/lib/gcc/x86_64-redhat-linux/12/../../../../include/c++/12/backward"]
  ignore line: [ignoring duplicate directory "/opt/rocm-6.1.1/lib/llvm/lib/clang/17/include"]
  ignore line: [ignoring duplicate directory "/usr/local/include"]
  ignore line: [ignoring duplicate directory "/usr/include"]
  ignore line: [ignoring duplicate directory "/usr/local/include"]
  ignore line: [ignoring duplicate directory "/opt/rocm-6.1.1/lib/llvm/lib/clang/17/include"]
  ignore line: [ignoring duplicate directory "/usr/include"]
  ignore line: [ignoring duplicate directory "/opt/rocm-6.1.1/lib/llvm/bin/../../../include"]
  ignore line: [#include "..." search starts here:]
  ignore line: [#include <...> search starts here:]
  ignore line: [ /opt/rocm-6.1.1/lib/llvm/bin/../include]
  ignore line: [ /usr/tce/packages/python/python-3.9.12/include/python3.9]
  ignore line: [ /opt/rocm-6.1.1/include]
  ignore line: [ /opt/rocm-6.1.1/lib/llvm/lib/clang/17/include/cuda_wrappers]
  ignore line: [ /opt/rh/gcc-toolset-12/root/usr/lib/gcc/x86_64-redhat-linux/12/../../../../include/c++/12]
  ignore line: [ /opt/rh/gcc-toolset-12/root/usr/lib/gcc/x86_64-redhat-linux/12/../../../../include/c++/12/x86_64-redhat-linux]
  ignore line: [ /opt/rh/gcc-toolset-12/root/usr/lib/gcc/x86_64-redhat-linux/12/../../../../include/c++/12/backward]
  ignore line: [ /opt/rocm-6.1.1/lib/llvm/lib/clang/17/include]
  ignore line: [ /usr/local/include]
  ignore line: [ /usr/include]
  ignore line: [End of search list.]
  ignore line: [ "/opt/rocm-6.1.1/llvm/bin/lld" -flavor gnu -m elf64_amdgpu --no-undefined -shared -plugin-opt=-amdgpu-internalize-symbols -plugin-opt=mcpu=gfx90a -plugin-opt=O3 --lto-CGO3 --whole-archive -o /var/tmp/holger/OpenMPTryFlag-gfx90a-efd73f.out /var/tmp/holger/OpenMPTryFlag-gfx90a-23b251.o --no-whole-archive]
  ignore line: [ "/opt/rocm-6.1.1/llvm/bin/clang-offload-bundler" -type=o -bundle-align=4096 -targets=host-x86_64-unknown-linux hipv4-amdgcn-amd-amdhsa--gfx90a -input=/dev/null -input=/var/tmp/holger/OpenMPTryFlag-gfx90a-efd73f.out -output=/var/tmp/holger/OpenMPTryFlag-6ec326.hipfb]
  ignore line: [ "/opt/rocm-6.1.1/lib/llvm/bin/clang-17" -cc1 -triple x86_64-unknown-linux-gnu -aux-triple amdgcn-amd-amdhsa -emit-obj -disable-free -clear-ast-before-backend -disable-llvm-verifier -discard-value-names -main-file-name OpenMPTryFlag.cpp -mrelocation-model static -mframe-pointer=none -fmath-errno -fno-rounding-math -mconstructor-aliases -funwind-tables=2 -target-cpu x86-64 -tune-cpu generic -debugger-tuning=gdb -v -fcoverage-compilation-dir=/usr/WS2/holger/magma/build_hip/CMakeFiles/CMakeTmp -resource-dir /opt/rocm-6.1.1/lib/llvm/lib/clang/17 -dependency-file CMakeFiles/cmTC_11e13.dir/OpenMPTryFlag.cpp.o.d -MT CMakeFiles/cmTC_11e13.dir/OpenMPTryFlag.cpp.o -sys-header-deps -canonical-system-headers -internal-isystem /opt/rocm-6.1.1/lib/llvm/lib/clang/17/include/cuda_wrappers -idirafter /opt/rocm-6.1.1/lib/llvm/bin/../../../include -include __clang_hip_runtime_wrapper.h -I /opt/rocm-6.1.1/lib/llvm/bin/../include -isystem /opt/rocm-6.1.1/include -D ADD_ -I/usr/tce/packages/python/python-3.9.12/include/python3.9 -internal-isystem /opt/rh/gcc-toolset-12/root/usr/lib/gcc/x86_64-redhat-linux/12/../../../../include/c++/12 -internal-isystem /opt/rh/gcc-toolset-12/root/usr/lib/gcc/x86_64-redhat-linux/12/../../../../include/c++/12/x86_64-redhat-linux -internal-isystem /opt/rh/gcc-toolset-12/root/usr/lib/gcc/x86_64-redhat-linux/12/../../../../include/c++/12/backward -internal-isystem /opt/rh/gcc-toolset-12/root/usr/lib/gcc/x86_64-redhat-linux/12/../../../../include/c++/12 -internal-isystem /opt/rh/gcc-toolset-12/root/usr/lib/gcc/x86_64-redhat-linux/12/../../../../include/c++/12/x86_64-redhat-linux -internal-isystem /opt/rh/gcc-toolset-12/root/usr/lib/gcc/x86_64-redhat-linux/12/../../../../include/c++/12/backward -internal-isystem /opt/rocm-6.1.1/lib/llvm/lib/clang/17/include -internal-isystem /usr/local/include -internal-isystem /opt/rh/gcc-toolset-12/root/usr/lib/gcc/x86_64-redhat-linux/12/../../../../x86_64-redhat-linux/include -internal-externc-isystem /include -internal-externc-isystem /usr/include -internal-isystem /opt/rocm-6.1.1/lib/llvm/lib/clang/17/include -internal-isystem /usr/local/include -internal-isystem /opt/rh/gcc-toolset-12/root/usr/lib/gcc/x86_64-redhat-linux/12/../../../../x86_64-redhat-linux/include -internal-externc-isystem /include -internal-externc-isystem /usr/include -O3 -std=c++11 -fdeprecated-macro -fdebug-compilation-dir=/usr/WS2/holger/magma/build_hip/CMakeFiles/CMakeTmp -ferror-limit 19 -fopenmp -fno-openmp-target-fast -fno-openmp-target-ignore-env-vars -fopenmp-target-big-jump-loop -fopenmp-target-no-loop -fopenmp-target-xteam-reduction -fopenmp-target-new-runtime -fno-openmp-assume-no-thread-state -fno-openmp-assume-no-nested-parallelism -fhip-new-launch-api -fgnuc-version=4.2.1 -fcxx-exceptions -fexceptions -vectorize-loops -vectorize-slp -mllvm -amdgpu-early-inline-all=true -mllvm -amdgpu-function-calls=false -fcuda-include-gpubinary /var/tmp/holger/OpenMPTryFlag-6ec326.hipfb -cuid=1b88228a81bd9960 -fcuda-allow-variadic-functions -faddrsig -D__GCC_HAVE_DWARF2_CFI_ASM=1 -o CMakeFiles/cmTC_11e13.dir/OpenMPTryFlag.cpp.o -x hip /g/g0/holger/workspace/magma/build_hip/CMakeFiles/FindOpenMP/OpenMPTryFlag.cpp]
  ignore line: [clang -cc1 version 17.0.0 based upon LLVM 17.0.0git default target x86_64-unknown-linux-gnu]
  ignore line: [ignoring nonexistent directory "/opt/rh/gcc-toolset-12/root/usr/lib/gcc/x86_64-redhat-linux/12/../../../../x86_64-redhat-linux/include"]
  ignore line: [ignoring nonexistent directory "/include"]
  ignore line: [ignoring nonexistent directory "/opt/rh/gcc-toolset-12/root/usr/lib/gcc/x86_64-redhat-linux/12/../../../../x86_64-redhat-linux/include"]
  ignore line: [ignoring nonexistent directory "/include"]
  ignore line: [ignoring duplicate directory "/opt/rh/gcc-toolset-12/root/usr/lib/gcc/x86_64-redhat-linux/12/../../../../include/c++/12"]
  ignore line: [ignoring duplicate directory "/opt/rh/gcc-toolset-12/root/usr/lib/gcc/x86_64-redhat-linux/12/../../../../include/c++/12/x86_64-redhat-linux"]
  ignore line: [ignoring duplicate directory "/opt/rh/gcc-toolset-12/root/usr/lib/gcc/x86_64-redhat-linux/12/../../../../include/c++/12/backward"]
  ignore line: [ignoring duplicate directory "/opt/rocm-6.1.1/lib/llvm/lib/clang/17/include"]
  ignore line: [ignoring duplicate directory "/usr/local/include"]
  ignore line: [ignoring duplicate directory "/usr/include"]
  ignore line: [ignoring duplicate directory "/opt/rocm-6.1.1/lib/llvm/bin/../../../include"]
  ignore line: [#include "..." search starts here:]
  ignore line: [#include <...> search starts here:]
  ignore line: [ /opt/rocm-6.1.1/lib/llvm/bin/../include]
  ignore line: [ /usr/tce/packages/python/python-3.9.12/include/python3.9]
  ignore line: [ /opt/rocm-6.1.1/include]
  ignore line: [ /opt/rocm-6.1.1/lib/llvm/lib/clang/17/include/cuda_wrappers]
  ignore line: [ /opt/rh/gcc-toolset-12/root/usr/lib/gcc/x86_64-redhat-linux/12/../../../../include/c++/12]
  ignore line: [ /opt/rh/gcc-toolset-12/root/usr/lib/gcc/x86_64-redhat-linux/12/../../../../include/c++/12/x86_64-redhat-linux]
  ignore line: [ /opt/rh/gcc-toolset-12/root/usr/lib/gcc/x86_64-redhat-linux/12/../../../../include/c++/12/backward]
  ignore line: [ /opt/rocm-6.1.1/lib/llvm/lib/clang/17/include]
  ignore line: [ /usr/local/include]
  ignore line: [ /usr/include]
  ignore line: [End of search list.]
  ignore line: [Linking CXX executable cmTC_11e13]
  ignore line: [/usr/tce/backend/installations/linux-rhel8-x86_64/gcc-8.3.1/cmake-3.24.2-ywx52e32uh6gkxzuyubpwkulzgdvxyh6/bin/cmake -E cmake_link_script CMakeFiles/cmTC_11e13.dir/link.txt --verbose=1]
  ignore line: [/opt/rocm-6.1.1/bin/hipcc  -std=c++11 -DADD_ -fopenmp=libomp -v CMakeFiles/cmTC_11e13.dir/OpenMPTryFlag.cpp.o -o cmTC_11e13  -v ]
  ignore line: [AMD clang version 17.0.0 (https://github.com/RadeonOpenCompute/llvm-project roc-6.1.1 24154 f53cd7e03908085f4932f7329464cd446426436a)]
  ignore line: [Target: x86_64-unknown-linux-gnu]
  ignore line: [Thread model: posix]
  ignore line: [InstalledDir: /opt/rocm-6.1.1/llvm/bin]
  ignore line: [Configuration file: /opt/rocm-6.1.1/lib/llvm/bin/clang++.cfg]
  ignore line: [Found candidate GCC installation: /opt/rh/gcc-toolset-12/root/usr/lib/gcc/x86_64-redhat-linux/12]
  ignore line: [Selected GCC installation: /opt/rh/gcc-toolset-12/root/usr/lib/gcc/x86_64-redhat-linux/12]
  ignore line: [Candidate multilib: .]
  ignore line: [@m64]
  ignore line: [Candidate multilib: 32]
  ignore line: [@m32]
  ignore line: [Selected multilib: .]
  ignore line: [@m64]
  ignore line: [Found HIP installation: /opt/rocm-6.1.1/lib/llvm/bin/../../..  version 6.1.40092]
  link line: [ "/opt/rocm-6.1.1/llvm/bin/ld.lld" --hash-style=gnu --eh-frame-hdr -m elf_x86_64 -dynamic-linker /lib64/ld-linux-x86-64.so.2 -o cmTC_11e13 /lib/../lib64/crt1.o /lib/../lib64/crti.o /opt/rocm-6.1.1/lib/llvm/lib/clang/17/lib/linux/clang_rt.crtbegin-x86_64.o -L/opt/rh/gcc-toolset-12/root/usr/lib/gcc/x86_64-redhat-linux/12 -L/opt/rh/gcc-toolset-12/root/usr/lib/gcc/x86_64-redhat-linux/12/../../../../lib64 -L/lib/../lib64 -L/usr/lib/../lib64 -L/lib -L/usr/lib --disable-new-dtags CMakeFiles/cmTC_11e13.dir/OpenMPTryFlag.cpp.o -L/opt/rocm-6.1.1/lib/llvm/bin/../../../lib -rpath /opt/rocm-6.1.1/lib/llvm/bin/../../../lib -lamdhip64 -lstdc++ -lm -lomp -rpath /opt/rocm-6.1.1/lib/llvm/bin/../lib -L/opt/rocm-6.1.1/lib/llvm/lib /opt/rocm-6.1.1/lib/llvm/lib/clang/17/lib/linux/libclang_rt.builtins-x86_64.a -lgcc_s -lpthread -lc /opt/rocm-6.1.1/lib/llvm/lib/clang/17/lib/linux/libclang_rt.builtins-x86_64.a -lgcc_s /opt/rocm-6.1.1/lib/llvm/lib/clang/17/lib/linux/clang_rt.crtend-x86_64.o /lib/../lib64/crtn.o]
    arg [/opt/rocm-6.1.1/llvm/bin/ld.lld] ==> ignore
    arg [--hash-style=gnu] ==> ignore
    arg [--eh-frame-hdr] ==> ignore
    arg [-m] ==> ignore
    arg [elf_x86_64] ==> ignore
    arg [-dynamic-linker] ==> ignore
    arg [/lib64/ld-linux-x86-64.so.2] ==> ignore
    arg [-o] ==> ignore
    arg [cmTC_11e13] ==> ignore
    arg [-L/opt/rh/gcc-toolset-12/root/usr/lib/gcc/x86_64-redhat-linux/12] ==> dir [/opt/rh/gcc-toolset-12/root/usr/lib/gcc/x86_64-redhat-linux/12]
    arg [-L/opt/rh/gcc-toolset-12/root/usr/lib/gcc/x86_64-redhat-linux/12/../../../../lib64] ==> dir [/opt/rh/gcc-toolset-12/root/usr/lib/gcc/x86_64-redhat-linux/12/../../../../lib64]
    arg [-L/lib/../lib64] ==> dir [/lib/../lib64]
    arg [-L/usr/lib/../lib64] ==> dir [/usr/lib/../lib64]
    arg [-L/lib] ==> dir [/lib]
    arg [-L/usr/lib] ==> dir [/usr/lib]
    arg [--disable-new-dtags] ==> ignore
    arg [CMakeFiles/cmTC_11e13.dir/OpenMPTryFlag.cpp.o] ==> ignore
    arg [-L/opt/rocm-6.1.1/lib/llvm/bin/../../../lib] ==> dir [/opt/rocm-6.1.1/lib/llvm/bin/../../../lib]
    arg [-rpath] ==> ignore
    arg [/opt/rocm-6.1.1/lib/llvm/bin/../../../lib] ==> ignore
    arg [-lamdhip64] ==> lib [amdhip64]
    arg [-lstdc++] ==> lib [stdc++]
    arg [-lm] ==> lib [m]
    arg [-lomp] ==> lib [omp]
    arg [-rpath] ==> ignore
    arg [/opt/rocm-6.1.1/lib/llvm/bin/../lib] ==> ignore
    arg [-L/opt/rocm-6.1.1/lib/llvm/lib] ==> dir [/opt/rocm-6.1.1/lib/llvm/lib]
    arg [/opt/rocm-6.1.1/lib/llvm/lib/clang/17/lib/linux/libclang_rt.builtins-x86_64.a] ==> lib [/opt/rocm-6.1.1/lib/llvm/lib/clang/17/lib/linux/libclang_rt.builtins-x86_64.a]
    arg [-lgcc_s] ==> lib [gcc_s]
    arg [-lpthread] ==> lib [pthread]
    arg [-lc] ==> lib [c]
    arg [/opt/rocm-6.1.1/lib/llvm/lib/clang/17/lib/linux/libclang_rt.builtins-x86_64.a] ==> lib [/opt/rocm-6.1.1/lib/llvm/lib/clang/17/lib/linux/libclang_rt.builtins-x86_64.a]
    arg [-lgcc_s] ==> lib [gcc_s]
  remove lib [/opt/rocm-6.1.1/lib/llvm/lib/clang/17/lib/linux/libclang_rt.builtins-x86_64.a]
  remove lib [/opt/rocm-6.1.1/lib/llvm/lib/clang/17/lib/linux/libclang_rt.builtins-x86_64.a]
  collapse library dir [/opt/rh/gcc-toolset-12/root/usr/lib/gcc/x86_64-redhat-linux/12] ==> [/opt/rh/gcc-toolset-12/root/usr/lib/gcc/x86_64-redhat-linux/12]
  collapse library dir [/opt/rh/gcc-toolset-12/root/usr/lib/gcc/x86_64-redhat-linux/12/../../../../lib64] ==> [/opt/rh/gcc-toolset-12/root/usr/lib64]
  collapse library dir [/lib/../lib64] ==> [/lib64]
  collapse library dir [/usr/lib/../lib64] ==> [/usr/lib64]
  collapse library dir [/lib] ==> [/lib]
  collapse library dir [/usr/lib] ==> [/usr/lib]
  collapse library dir [/opt/rocm-6.1.1/lib/llvm/bin/../../../lib] ==> [/opt/rocm-6.1.1/lib]
  collapse library dir [/opt/rocm-6.1.1/lib/llvm/lib] ==> [/opt/rocm-6.1.1/lib/llvm/lib]
  implicit libs: [amdhip64;stdc++;m;omp;gcc_s;pthread;c;gcc_s]
  implicit objs: []
  implicit dirs: [/opt/rh/gcc-toolset-12/root/usr/lib/gcc/x86_64-redhat-linux/12;/opt/rh/gcc-toolset-12/root/usr/lib64;/lib64;/usr/lib64;/lib;/usr/lib;/opt/rocm-6.1.1/lib;/opt/rocm-6.1.1/lib/llvm/lib]
  implicit fwks: []


Performing C SOURCE FILE Test CMAKE_HAVE_LIBC_PTHREAD succeeded with the following output:
Change Dir: /g/g0/holger/workspace/magma/build_hip/CMakeFiles/CMakeTmp

Run Build Command(s):/usr/bin/gmake -f Makefile cmTC_eb909/fast && /usr/bin/gmake  -f CMakeFiles/cmTC_eb909.dir/build.make CMakeFiles/cmTC_eb909.dir/build
gmake[1]: Entering directory '/usr/WS2/holger/magma/build_hip/CMakeFiles/CMakeTmp'
Building C object CMakeFiles/cmTC_eb909.dir/src.c.o
/opt/rocm-6.1.1/bin/hipcc -DCMAKE_HAVE_LIBC_PTHREAD  -std=c99   -DADD_ -fopenmp=libomp  -MD -MT CMakeFiles/cmTC_eb909.dir/src.c.o -MF CMakeFiles/cmTC_eb909.dir/src.c.o.d -o CMakeFiles/cmTC_eb909.dir/src.c.o -c /g/g0/holger/workspace/magma/build_hip/CMakeFiles/CMakeTmp/src.c
Linking C executable cmTC_eb909
/usr/tce/backend/installations/linux-rhel8-x86_64/gcc-8.3.1/cmake-3.24.2-ywx52e32uh6gkxzuyubpwkulzgdvxyh6/bin/cmake -E cmake_link_script CMakeFiles/cmTC_eb909.dir/link.txt --verbose=1
/opt/rocm-6.1.1/bin/hipcc  -std=c99   -DADD_ -fopenmp=libomp  CMakeFiles/cmTC_eb909.dir/src.c.o -o cmTC_eb909 
gmake[1]: Leaving directory '/usr/WS2/holger/magma/build_hip/CMakeFiles/CMakeTmp'


Source file was:
#include <pthread.h>

static void* test_func(void* data)
{
  return data;
}

int main(void)
{
  pthread_t thread;
  pthread_create(&thread, NULL, test_func, NULL);
  pthread_detach(thread);
  pthread_cancel(thread);
  pthread_join(thread, NULL);
  pthread_atfork(NULL, NULL, NULL);
  pthread_exit(NULL);

  return 0;
}

Performing C++ SOURCE FILE Test HIP_CLANG_SUPPORTS_PARALLEL_JOBS succeeded with the following output:
Change Dir: /g/g0/holger/workspace/magma/build_hip/CMakeFiles/CMakeTmp

Run Build Command(s):/usr/bin/gmake -f Makefile cmTC_091d1/fast && /usr/bin/gmake  -f CMakeFiles/cmTC_091d1.dir/build.make CMakeFiles/cmTC_091d1.dir/build
gmake[1]: Entering directory '/usr/WS2/holger/magma/build_hip/CMakeFiles/CMakeTmp'
Building CXX object CMakeFiles/cmTC_091d1.dir/src.cxx.o
/opt/rocm-6.1.1/bin/hipcc -DHIP_CLANG_SUPPORTS_PARALLEL_JOBS  -std=c++11 -DADD_ -fopenmp=libomp    -parallel-jobs=1 -MD -MT CMakeFiles/cmTC_091d1.dir/src.cxx.o -MF CMakeFiles/cmTC_091d1.dir/src.cxx.o.d -o CMakeFiles/cmTC_091d1.dir/src.cxx.o -c /g/g0/holger/workspace/magma/build_hip/CMakeFiles/CMakeTmp/src.cxx
Linking CXX executable cmTC_091d1
/usr/tce/backend/installations/linux-rhel8-x86_64/gcc-8.3.1/cmake-3.24.2-ywx52e32uh6gkxzuyubpwkulzgdvxyh6/bin/cmake -E cmake_link_script CMakeFiles/cmTC_091d1.dir/link.txt --verbose=1
/opt/rocm-6.1.1/bin/hipcc  -std=c++11 -DADD_ -fopenmp=libomp  CMakeFiles/cmTC_091d1.dir/src.cxx.o -o cmTC_091d1 
gmake[1]: Leaving directory '/usr/WS2/holger/magma/build_hip/CMakeFiles/CMakeTmp'


Source file was:
int main() { return 0; }
Determining if the function sgemm_ exists passed with the following output:
Change Dir: /g/g0/holger/workspace/magma/build_hip/CMakeFiles/CMakeTmp

Run Build Command(s):/usr/bin/gmake -f Makefile cmTC_07fc5/fast && /usr/bin/gmake  -f CMakeFiles/cmTC_07fc5.dir/build.make CMakeFiles/cmTC_07fc5.dir/build
gmake[1]: Entering directory '/usr/WS2/holger/magma/build_hip/CMakeFiles/CMakeTmp'
Building C object CMakeFiles/cmTC_07fc5.dir/CheckFunctionExists.c.o
/opt/rocm-6.1.1/bin/hipcc   -std=c99   -DADD_ -fopenmp=libomp -DCHECK_FUNCTION_EXISTS=sgemm_ -MD -MT CMakeFiles/cmTC_07fc5.dir/CheckFunctionExists.c.o -MF CMakeFiles/cmTC_07fc5.dir/CheckFunctionExists.c.o.d -o CMakeFiles/cmTC_07fc5.dir/CheckFunctionExists.c.o -c /usr/tce/backend/installations/linux-rhel8-x86_64/gcc-8.3.1/cmake-3.24.2-ywx52e32uh6gkxzuyubpwkulzgdvxyh6/share/cmake-3.24/Modules/CheckFunctionExists.c
Linking C executable cmTC_07fc5
/usr/tce/backend/installations/linux-rhel8-x86_64/gcc-8.3.1/cmake-3.24.2-ywx52e32uh6gkxzuyubpwkulzgdvxyh6/bin/cmake -E cmake_link_script CMakeFiles/cmTC_07fc5.dir/link.txt --verbose=1
/opt/rocm-6.1.1/bin/hipcc  -std=c99   -DADD_ -fopenmp=libomp -DCHECK_FUNCTION_EXISTS=sgemm_ CMakeFiles/cmTC_07fc5.dir/CheckFunctionExists.c.o -o cmTC_07fc5  /usr/lib64/libopenblas.so 
gmake[1]: Leaving directory '/usr/WS2/holger/magma/build_hip/CMakeFiles/CMakeTmp'



Determining if the function cheev_ exists passed with the following output:
Change Dir: /g/g0/holger/workspace/magma/build_hip/CMakeFiles/CMakeTmp

Run Build Command(s):/usr/bin/gmake -f Makefile cmTC_fed83/fast && /usr/bin/gmake  -f CMakeFiles/cmTC_fed83.dir/build.make CMakeFiles/cmTC_fed83.dir/build
gmake[1]: Entering directory '/usr/WS2/holger/magma/build_hip/CMakeFiles/CMakeTmp'
Building C object CMakeFiles/cmTC_fed83.dir/CheckFunctionExists.c.o
/opt/rocm-6.1.1/bin/hipcc   -std=c99   -DADD_ -fopenmp=libomp -DCHECK_FUNCTION_EXISTS=cheev_ -MD -MT CMakeFiles/cmTC_fed83.dir/CheckFunctionExists.c.o -MF CMakeFiles/cmTC_fed83.dir/CheckFunctionExists.c.o.d -o CMakeFiles/cmTC_fed83.dir/CheckFunctionExists.c.o -c /usr/tce/backend/installations/linux-rhel8-x86_64/gcc-8.3.1/cmake-3.24.2-ywx52e32uh6gkxzuyubpwkulzgdvxyh6/share/cmake-3.24/Modules/CheckFunctionExists.c
Linking C executable cmTC_fed83
/usr/tce/backend/installations/linux-rhel8-x86_64/gcc-8.3.1/cmake-3.24.2-ywx52e32uh6gkxzuyubpwkulzgdvxyh6/bin/cmake -E cmake_link_script CMakeFiles/cmTC_fed83.dir/link.txt --verbose=1
/opt/rocm-6.1.1/bin/hipcc  -std=c99   -DADD_ -fopenmp=libomp -DCHECK_FUNCTION_EXISTS=cheev_ CMakeFiles/cmTC_fed83.dir/CheckFunctionExists.c.o -o cmTC_fed83  /usr/lib64/libopenblas.so -lm -ldl 
gmake[1]: Leaving directory '/usr/WS2/holger/magma/build_hip/CMakeFiles/CMakeTmp'



Determining if the include file sys/types.h exists passed with the following output:
Change Dir: /g/g0/holger/workspace/magma/build_hip/CMakeFiles/CMakeTmp

Run Build Command(s):/usr/bin/gmake -f Makefile cmTC_d81ec/fast && /usr/bin/gmake  -f CMakeFiles/cmTC_d81ec.dir/build.make CMakeFiles/cmTC_d81ec.dir/build
gmake[1]: Entering directory '/usr/WS2/holger/magma/build_hip/CMakeFiles/CMakeTmp'
Building C object CMakeFiles/cmTC_d81ec.dir/CheckIncludeFile.c.o
/opt/rocm-6.1.1/bin/hipcc   -std=c99   -DADD_ -fopenmp=libomp -Wall -Wno-unused-function  -MD -MT CMakeFiles/cmTC_d81ec.dir/CheckIncludeFile.c.o -MF CMakeFiles/cmTC_d81ec.dir/CheckIncludeFile.c.o.d -o CMakeFiles/cmTC_d81ec.dir/CheckIncludeFile.c.o -c /g/g0/holger/workspace/magma/build_hip/CMakeFiles/CMakeTmp/CheckIncludeFile.c
Linking C executable cmTC_d81ec
/usr/tce/backend/installations/linux-rhel8-x86_64/gcc-8.3.1/cmake-3.24.2-ywx52e32uh6gkxzuyubpwkulzgdvxyh6/bin/cmake -E cmake_link_script CMakeFiles/cmTC_d81ec.dir/link.txt --verbose=1
/opt/rocm-6.1.1/bin/hipcc  -std=c99   -DADD_ -fopenmp=libomp -Wall -Wno-unused-function  CMakeFiles/cmTC_d81ec.dir/CheckIncludeFile.c.o -o cmTC_d81ec 
gmake[1]: Leaving directory '/usr/WS2/holger/magma/build_hip/CMakeFiles/CMakeTmp'



Determining if the include file stdint.h exists passed with the following output:
Change Dir: /g/g0/holger/workspace/magma/build_hip/CMakeFiles/CMakeTmp

Run Build Command(s):/usr/bin/gmake -f Makefile cmTC_7519e/fast && /usr/bin/gmake  -f CMakeFiles/cmTC_7519e.dir/build.make CMakeFiles/cmTC_7519e.dir/build
gmake[1]: Entering directory '/usr/WS2/holger/magma/build_hip/CMakeFiles/CMakeTmp'
Building C object CMakeFiles/cmTC_7519e.dir/CheckIncludeFile.c.o
/opt/rocm-6.1.1/bin/hipcc   -std=c99   -DADD_ -fopenmp=libomp -Wall -Wno-unused-function  -MD -MT CMakeFiles/cmTC_7519e.dir/CheckIncludeFile.c.o -MF CMakeFiles/cmTC_7519e.dir/CheckIncludeFile.c.o.d -o CMakeFiles/cmTC_7519e.dir/CheckIncludeFile.c.o -c /g/g0/holger/workspace/magma/build_hip/CMakeFiles/CMakeTmp/CheckIncludeFile.c
Linking C executable cmTC_7519e
/usr/tce/backend/installations/linux-rhel8-x86_64/gcc-8.3.1/cmake-3.24.2-ywx52e32uh6gkxzuyubpwkulzgdvxyh6/bin/cmake -E cmake_link_script CMakeFiles/cmTC_7519e.dir/link.txt --verbose=1
/opt/rocm-6.1.1/bin/hipcc  -std=c99   -DADD_ -fopenmp=libomp -Wall -Wno-unused-function  CMakeFiles/cmTC_7519e.dir/CheckIncludeFile.c.o -o cmTC_7519e 
gmake[1]: Leaving directory '/usr/WS2/holger/magma/build_hip/CMakeFiles/CMakeTmp'



Determining if the include file stddef.h exists passed with the following output:
Change Dir: /g/g0/holger/workspace/magma/build_hip/CMakeFiles/CMakeTmp

Run Build Command(s):/usr/bin/gmake -f Makefile cmTC_99aa5/fast && /usr/bin/gmake  -f CMakeFiles/cmTC_99aa5.dir/build.make CMakeFiles/cmTC_99aa5.dir/build
gmake[1]: Entering directory '/usr/WS2/holger/magma/build_hip/CMakeFiles/CMakeTmp'
Building C object CMakeFiles/cmTC_99aa5.dir/CheckIncludeFile.c.o
/opt/rocm-6.1.1/bin/hipcc   -std=c99   -DADD_ -fopenmp=libomp -Wall -Wno-unused-function  -MD -MT CMakeFiles/cmTC_99aa5.dir/CheckIncludeFile.c.o -MF CMakeFiles/cmTC_99aa5.dir/CheckIncludeFile.c.o.d -o CMakeFiles/cmTC_99aa5.dir/CheckIncludeFile.c.o -c /g/g0/holger/workspace/magma/build_hip/CMakeFiles/CMakeTmp/CheckIncludeFile.c
Linking C executable cmTC_99aa5
/usr/tce/backend/installations/linux-rhel8-x86_64/gcc-8.3.1/cmake-3.24.2-ywx52e32uh6gkxzuyubpwkulzgdvxyh6/bin/cmake -E cmake_link_script CMakeFiles/cmTC_99aa5.dir/link.txt --verbose=1
/opt/rocm-6.1.1/bin/hipcc  -std=c99   -DADD_ -fopenmp=libomp -Wall -Wno-unused-function  CMakeFiles/cmTC_99aa5.dir/CheckIncludeFile.c.o -o cmTC_99aa5 
gmake[1]: Leaving directory '/usr/WS2/holger/magma/build_hip/CMakeFiles/CMakeTmp'



Determining size of void* passed with the following output:
Change Dir: /g/g0/holger/workspace/magma/build_hip/CMakeFiles/CMakeTmp

Run Build Command(s):/usr/bin/gmake -f Makefile cmTC_8edb0/fast && /usr/bin/gmake  -f CMakeFiles/cmTC_8edb0.dir/build.make CMakeFiles/cmTC_8edb0.dir/build
gmake[1]: Entering directory '/usr/WS2/holger/magma/build_hip/CMakeFiles/CMakeTmp'
Building C object CMakeFiles/cmTC_8edb0.dir/SIZEOF_VOID_PTR.c.o
/opt/rocm-6.1.1/bin/hipcc   -std=c99   -DADD_ -fopenmp=libomp -Wall -Wno-unused-function  -MD -MT CMakeFiles/cmTC_8edb0.dir/SIZEOF_VOID_PTR.c.o -MF CMakeFiles/cmTC_8edb0.dir/SIZEOF_VOID_PTR.c.o.d -o CMakeFiles/cmTC_8edb0.dir/SIZEOF_VOID_PTR.c.o -c /g/g0/holger/workspace/magma/build_hip/CMakeFiles/CheckTypeSize/SIZEOF_VOID_PTR.c
Linking C executable cmTC_8edb0
/usr/tce/backend/installations/linux-rhel8-x86_64/gcc-8.3.1/cmake-3.24.2-ywx52e32uh6gkxzuyubpwkulzgdvxyh6/bin/cmake -E cmake_link_script CMakeFiles/cmTC_8edb0.dir/link.txt --verbose=1
/opt/rocm-6.1.1/bin/hipcc  -std=c99   -DADD_ -fopenmp=libomp -Wall -Wno-unused-function  CMakeFiles/cmTC_8edb0.dir/SIZEOF_VOID_PTR.c.o -o cmTC_8edb0 
gmake[1]: Leaving directory '/usr/WS2/holger/magma/build_hip/CMakeFiles/CMakeTmp'



